Date,Open,High,Low,Close,Volume,Turnover
2014-02-14,15.75,15.9,15.735,15.785,2344264.0,37015498.135
2014-02-17,15.77,15.805,15.74,15.8,2812342.0,44356819.18
2014-02-18,15.8,15.92,15.8,15.9,2057999.0,32680275.44
2014-02-19,15.89,15.935,15.785,15.885,1899749.0,30153449.61
2014-02-20,15.835,15.9,15.725,15.85,2114710.0,33470271.35
2014-02-21,15.92,16.0,15.88,15.885,2247220.0,35780255.16
2014-02-24,15.88,16.075,15.815,16.075,2301157.0,36857451.37
2014-02-25,16.075,16.285,16.06,16.23,2892762.0,46822813.74
2014-02-26,16.23,16.29,15.87,15.965,1830462.0,29306827.97
2014-02-27,15.9,16.255,15.845,16.04,2632808.0,42134833.645
2014-02-28,15.925,16.095,15.86,15.88,2929127.0,46622912.01
2014-03-05,15.845,15.965,15.77,15.865,1642953.0,26118880.855
2014-03-06,15.865,15.975,15.83,15.9,1705129.0,27111272.655
2014-03-07,15.875,16.015,15.835,15.84,1908245.0,30355669.4
2014-03-10,15.81,15.855,15.575,15.585,2179504.0,34188265.72
2014-03-11,15.595,15.82,15.55,15.8,2358560.0,37002927.48
2014-03-12,15.725,15.795,15.555,15.755,1755944.0,27545547.0
2014-03-13,15.76,15.77,15.535,15.55,2179298.0,34031887.265
2014-03-14,15.415,15.45,15.32,15.34,2520146.0,38729467.47
2014-03-17,15.285,15.495,15.225,15.44,2111170.0,32488042.6
2014-03-18,15.39,15.585,15.335,15.525,1915089.0,29671548.08
2014-03-19,15.51,15.54,15.345,15.375,2996424.0,46139663.33
2014-03-20,15.395,15.5,15.255,15.495,2257863.0,34798857.98
2014-03-21,15.495,15.56,15.32,15.385,6197863.0,95468845.11
2014-03-24,15.355,15.485,15.25,15.345,1613216.0,24789987.73
2014-03-25,15.315,15.665,15.315,15.535,2150582.0,33402924.98
2014-03-26,15.555,15.76,15.5,15.745,1782311.0,27991117.265
2014-03-27,15.705,15.815,15.645,15.695,1433417.0,22524338.31
2014-03-28,15.72,15.795,15.6,15.615,2302788.0,36072676.66
2014-03-31,15.685,15.72,15.635,15.685,1943455.0,30484719.46
2014-04-01,15.685,15.725,15.625,15.72,1598315.0,25074281.24
2014-04-02,15.68,15.825,15.67,15.8,1530811.0,24164389.14
2014-04-03,15.825,15.825,15.655,15.675,1313084.0,20624627.99
2014-04-04,15.7,15.835,15.7,15.815,1495562.0,23633169.47
2014-04-07,15.73,15.77,15.61,15.635,1370280.0,21476545.62
2014-04-08,15.625,15.635,15.22,15.27,3995033.0,61185805.52
2014-04-09,15.26,15.29,15.11,15.25,1956674.0,29799457.11
2014-04-10,15.33,15.335,15.035,15.17,1737667.0,26381110.64
2014-04-11,15.055,15.065,14.815,14.935,2088438.0,31175709.74
2014-04-14,14.825,14.96,14.75,14.855,2369242.0,35194762.205
2014-04-15,14.84,14.95,14.69,14.72,2357407.0,34869596.92
2014-04-16,14.81,14.87,14.725,14.84,2261363.0,33487327.4
2014-04-17,14.85,15.035,14.85,15.0,3954941.0,59268618.66
2014-04-22,15.085,15.16,15.045,15.095,2810041.0,42415191.83
2014-04-23,15.3,15.3,14.925,14.975,2582110.0,38779624.68
2014-04-24,15.005,15.02,14.82,14.955,3002651.0,44828653.46
2014-04-25,14.87,15.085,14.87,15.025,2666269.0,40027169.92
2014-04-28,15.02,15.13,14.91,14.935,2438710.0,36583600.1
2014-04-29,14.97,15.145,14.955,15.05,2672888.0,40211154.55
2014-04-30,14.74,14.745,14.51,14.705,4099971.0,60098664.72
2014-05-02,14.815,15.08,14.71,14.845,3652819.0,54264350.35
2014-05-05,14.77,14.785,14.545,14.7,1358533.0,19904078.39
2014-05-06,14.61,14.895,14.575,14.75,1862890.0,27483438.77
2014-05-07,14.675,14.9,14.675,14.835,1696934.0,25142818.98
2014-05-08,14.835,14.925,14.7,14.77,2336694.0,34591949.88
2014-05-09,14.75,14.98,14.69,14.905,2332045.0,34640558.65
2014-05-12,14.97,15.085,14.91,14.965,2000648.0,29994788.115
2014-05-13,15.015,15.09,14.95,15.05,2265241.0,34008070.55
2014-05-14,15.0,15.145,15.0,15.06,1542274.0,23244240.45
2014-05-16,14.935,15.16,14.91,15.135,2690744.0,40550313.17
2014-05-19,15.125,15.44,15.1,15.39,2024003.0,31030589.29
2014-05-20,15.43,15.75,15.43,15.66,3207182.0,50151968.57
2014-05-21,15.62,15.72,15.59,15.63,2633461.0,41197180.39
2014-05-22,15.68,15.91,15.655,15.885,2023760.0,32009883.0
2014-05-23,15.845,16.08,15.825,15.945,1993456.0,31787689.47
2014-05-26,15.95,16.035,15.895,15.95,780613.0,12469459.66
2014-05-28,16.06,16.215,16.035,16.18,1490934.0,24069267.53
2014-05-29,16.14,16.365,16.14,16.325,1340762.0,21842080.605
2014-05-30,16.345,16.49,16.34,16.425,2450450.0,40221248.825
2014-06-02,16.425,16.51,16.39,16.46,1308382.0,21530486.88
2014-06-03,16.435,16.495,16.255,16.305,1714310.0,27969701.77
2014-06-04,16.315,16.4,16.25,16.335,1629053.0,26618470.29
2014-06-05,16.335,16.41,16.21,16.25,1729118.0,28172235.755
2014-06-06,16.27,16.37,16.25,16.345,1846407.0,30144583.375
2014-06-09,16.35,16.39,16.285,16.375,1197933.0,19585370.28
2014-06-10,16.35,16.575,16.3,16.54,1648112.0,27173238.865
2014-06-11,16.49,16.545,16.43,16.46,1443879.0,23797280.11
2014-06-12,16.52,16.78,16.495,16.72,1687544.0,28203726.965
2014-06-13,16.74,16.77,16.555,16.73,1822679.0,30390879.51
2014-06-16,16.64,16.765,16.625,16.66,2154626.0,35932966.825
2014-06-17,16.705,16.855,16.705,16.79,1857303.0,31164945.27
2014-06-18,16.775,16.85,16.71,16.745,1466681.0,24578095.415
2014-06-19,16.77,16.83,16.705,16.765,1144871.0,19199030.945
2014-06-20,16.78,16.935,16.765,16.845,2485141.0,41901367.39
2014-06-23,16.905,16.905,16.73,16.805,2020405.0,33940385.955
2014-06-24,16.86,16.9,16.61,16.675,1737068.0,28971786.37
2014-06-25,16.56,16.625,16.39,16.48,1624223.0,26786496.125
2014-06-26,16.525,16.75,16.515,16.75,2222590.0,37047786.775
2014-06-27,16.65,16.65,16.44,16.6,1820878.0,30153294.145
2014-06-30,16.58,16.775,16.56,16.75,2007095.0,33497171.245
2014-07-01,16.75,16.77,16.645,16.715,1426987.0,23849378.21
2014-07-02,16.75,16.865,16.725,16.79,1198533.0,20141030.49
2014-07-03,16.82,16.95,16.775,16.945,1367766.0,23113637.225
2014-07-04,16.945,17.0,16.91,16.93,784254.0,13289731.96
2014-07-07,16.885,16.975,16.78,16.79,1210607.0,20397222.935
2014-07-08,16.785,16.825,16.545,16.575,1422051.0,23661724.935
2014-07-09,16.57,16.62,16.42,16.45,1617892.0,26690846.95
2014-07-10,16.46,16.48,16.14,16.27,1580098.0,25694544.485
2014-07-11,16.285,16.29,16.155,16.225,1291375.0,20950235.64
2014-07-14,16.24,16.405,16.19,16.385,858763.0,14022730.645
2014-07-15,16.34,16.52,16.295,16.485,1647103.0,27077207.76
2014-07-16,16.51,16.715,16.5,16.715,990124.0,16495516.47
2014-07-17,16.695,16.78,16.605,16.615,1424729.0,23765284.805
2014-07-18,16.575,16.575,16.34,16.535,1367036.0,22518535.88
2014-07-21,16.52,16.555,16.42,16.505,989844.0,16336918.38
2014-07-22,16.585,16.615,16.5,16.58,1292671.0,21425414.335
2014-07-23,16.55,16.765,16.53,16.655,1121345.0,18707975.105
2014-07-24,16.765,17.445,16.715,17.245,3024566.0,51991198.61
2014-07-25,17.255,17.42,17.075,17.145,2324118.0,39944368.19
2014-07-28,17.16,17.26,17.0,17.135,2087259.0,35715179.425
2014-07-29,17.165,17.31,17.055,17.255,1438552.0,24758105.74
2014-07-30,17.255,17.255,17.08,17.125,1245117.0,21338724.24
2014-07-31,17.13,17.16,16.695,16.825,2215754.0,37268627.87
2014-08-01,16.825,16.89,16.47,16.61,2027693.0,33692492.52
2014-08-04,16.635,16.695,16.38,16.55,2551023.0,42272414.755
2014-08-05,16.565,16.83,16.5,16.78,2036301.0,34033586.84
2014-08-06,16.55,16.6,16.345,16.525,1833645.0,30183485.93
2014-08-07,16.495,16.645,16.405,16.555,2012666.0,33309818.78
2014-08-08,16.435,16.465,16.265,16.355,2914620.0,47658804.22
2014-08-11,16.405,16.775,16.37,16.725,1871848.0,31175094.32
2014-08-12,16.725,16.775,16.63,16.75,1053694.0,17620383.08
2014-08-13,16.8,16.88,16.68,16.73,1451166.0,24334440.015
2014-08-14,16.705,16.83,16.655,16.755,1504098.0,25185799.06
2014-08-15,16.755,16.98,16.755,16.78,1967601.0,33158697.62
2014-08-18,16.905,17.08,16.905,16.985,1110640.0,18866831.84
2014-08-19,17.01,17.23,17.01,17.18,1052561.0,18060180.5
2014-08-20,17.16,17.21,17.065,17.175,1371180.0,23495439.43
2014-08-21,17.225,17.27,17.005,17.27,1451072.0,24922937.76
2014-08-22,17.29,17.365,17.115,17.175,1328737.0,22873711.24
2014-08-25,17.27,17.36,17.245,17.295,721571.0,12485153.315
2014-08-26,17.3,17.405,17.185,17.385,1370492.0,23757232.08
2014-08-27,17.345,17.43,17.255,17.38,1314683.0,22829531.81
2014-08-28,17.35,17.47,17.305,17.465,1211455.0,21090998.45
2014-08-29,17.455,17.495,17.225,17.35,1364769.0,23649185.25
2014-09-01,17.36,17.515,17.36,17.5,1251774.0,21877680.86
2014-09-02,17.535,17.665,17.49,17.54,1642261.0,28820363.49
2014-09-03,17.54,17.6,17.505,17.51,2035027.0,35685249.37
2014-09-04,17.445,17.555,17.395,17.505,2289846.0,40069885.135
2014-09-05,17.445,17.54,17.345,17.425,1876277.0,32717918.11
2014-09-08,17.4,17.45,17.27,17.36,1367715.0,23715979.66
2014-09-09,17.3,17.465,17.29,17.455,1358172.0,23656613.545
2014-09-10,17.37,17.51,17.305,17.5,1468065.0,25618445.91
2014-09-11,17.515,17.595,17.415,17.455,1397885.0,24409861.23
2014-09-12,17.52,17.57,17.47,17.565,1061316.0,18610941.23
2014-09-15,17.49,17.67,17.49,17.64,1141471.0,20116847.67
2014-09-16,17.64,17.745,17.545,17.69,1728266.0,30560573.06
2014-09-17,17.79,17.84,17.69,17.74,1332052.0,23634990.67
2014-09-18,17.73,17.94,17.73,17.895,1312342.0,23448543.45
2014-09-19,18.01,18.175,17.935,18.1,2599538.0,47010155.82
2014-09-22,18.09,18.14,17.92,17.965,1569765.0,28278200.63
2014-09-23,17.915,17.925,17.7,17.745,1732900.0,30799396.93
2014-09-24,17.79,17.795,17.56,17.755,2583413.0,45602778.24
2014-09-25,17.805,17.98,17.685,17.715,1533913.0,27361163.88
2014-09-26,17.7,17.865,17.525,17.715,1595055.0,28276230.7
2014-09-29,17.685,18.05,17.685,18.045,2048421.0,36702450.29
2014-09-30,18.055,18.165,17.89,17.97,2320691.0,41793821.84
2014-10-01,17.9,17.99,17.695,17.77,1971744.0,35143061.87
2014-10-02,17.77,17.865,17.495,17.515,2708573.0,47912899.345
2014-10-03,17.645,17.845,17.57,17.78,1458586.0,25847534.18
2014-10-06,17.825,18.075,17.77,18.015,2133915.0,38341738.175
2014-10-07,17.94,17.955,17.495,17.53,2448492.0,43197852.43
2014-10-08,17.42,17.52,17.275,17.345,2284606.0,39665315.28
2014-10-09,17.505,17.555,17.27,17.325,2368225.0,41176412.165
2014-10-10,17.165,17.255,16.995,17.205,1994832.0,34251527.3
2014-10-13,17.08,17.175,17.02,17.085,1806282.0,30870668.95
2014-10-14,16.94,17.085,16.91,17.015,1926344.0,32724560.4
2014-10-15,17.0,17.115,16.39,16.415,4245651.0,70897211.59
2014-10-16,16.545,16.62,16.075,16.565,5905680.0,96810061.76
2014-10-17,16.57,16.855,16.555,16.805,3815249.0,63744355.02
2014-10-20,16.79,16.94,16.7,16.83,3162257.0,53170454.21
2014-11-04,18.465,18.635,18.355,18.355,1625935.0,30040365.79
2014-11-05,18.51,18.635,18.465,18.51,2142210.0,39705523.46
2014-11-06,18.495,18.605,18.3,18.55,2366993.0,43772469.46
2014-11-07,18.585,18.63,18.38,18.445,1833130.0,33940456.4
2014-11-10,18.44,18.715,18.43,18.71,1459247.0,27188235.26
2014-11-11,18.75,18.93,18.685,18.715,1319880.0,24773151.57
2014-11-12,18.685,18.735,18.49,18.52,1812685.0,33684093.66
2014-11-13,18.6,18.66,18.515,18.545,3145333.0,58380423.19
2014-11-14,18.585,18.765,18.565,18.74,1874137.0,35025414.0
2014-11-17,18.61,18.8,18.53,18.765,1617032.0,30254181.11
2014-11-18,18.865,18.955,18.81,18.895,2502495.0,47282873.63
2014-11-19,18.91,18.94,18.755,18.805,1537249.0,28964457.93
2014-11-20,18.77,18.85,18.715,18.795,1139582.0,21406437.18
2014-11-21,18.855,18.87,18.72,18.785,3149564.0,59137676.52
2014-11-24,18.785,18.98,18.69,18.945,2021129.0,38157726.485
2014-11-25,19.0,19.475,19.0,19.335,2475155.0,47767956.17
2014-11-26,19.37,19.475,19.335,19.375,1727051.0,33501362.31
2014-11-27,19.445,19.665,19.415,19.62,1605197.0,31394875.98
2014-11-28,19.645,19.77,19.58,19.77,1984002.0,39122463.02
2014-12-01,19.725,19.92,19.71,19.77,1776316.0,35177439.58
2014-12-02,19.82,19.955,19.705,19.715,2654320.0,52502546.735
2014-12-03,19.74,19.935,19.655,19.695,2333208.0,46097897.82
2014-12-04,19.725,19.895,19.565,19.64,2164314.0,42656586.545
2014-12-05,19.785,19.95,19.76,19.95,2002446.0,39843126.92
2014-12-08,19.88,20.045,19.83,19.92,1452025.0,28954720.19
2014-12-09,19.84,19.935,19.29,19.405,2400644.0,46912327.635
2014-12-10,19.44,19.66,19.405,19.58,2093974.0,40975259.45
2014-12-11,19.545,19.62,19.36,19.435,2380291.0,46364736.56
2014-12-12,19.335,19.35,18.905,18.96,2770415.0,52797592.745
2014-12-15,18.915,19.095,18.64,18.7,2420442.0,45605436.94
2014-12-16,18.74,18.935,18.495,18.92,4413580.0,82711063.89
2014-12-18,18.885,19.315,18.855,19.275,3172012.0,60748596.69
2014-12-19,19.4,19.52,19.125,19.28,2734893.0,52740609.555
2014-12-22,19.36,19.6,19.305,19.55,1632321.0,31816912.625
2014-12-23,19.65,19.73,19.425,19.56,1518985.0,29697322.065
2014-12-24,19.5,19.68,19.5,19.625,262654.0,5154149.64
2014-12-29,19.74,19.87,19.6,19.68,1159307.0,22841700.48
2014-12-30,19.64,19.8,19.58,19.68,1076859.0,21196753.165
2014-12-31,19.695,19.92,19.64,19.84,515178.0,10193400.23
2015-01-02,19.855,19.975,19.57,19.625,1563014.0,30748276.105
2015-01-05,19.545,19.975,19.305,19.35,2203268.0,43190580.47
2015-01-06,19.42,19.425,19.095,19.1,1836661.0,35310861.315
2015-01-07,19.225,19.43,19.105,19.36,2569757.0,49602821.25
2015-01-08,19.5,19.825,19.485,19.695,2265825.0,44624607.785
2015-01-09,19.695,19.99,19.5,19.61,2503902.0,49329537.34
2015-01-12,19.635,19.915,19.585,19.785,1402299.0,27740154.77
2015-01-13,19.685,20.2,19.685,19.96,2332814.0,46627651.7
2015-01-14,19.7,20.19,19.7,19.99,2858675.0,57186651.375
2015-01-15,20.125,20.15,19.62,20.09,4083945.0,81424113.545
2015-01-16,19.935,20.295,19.875,20.23,2972842.0,59799738.98
2015-01-19,20.195,20.475,20.135,20.45,2398597.0,48780464.01
2015-01-20,20.495,20.675,20.4,20.6,3288113.0,67650070.585
2015-01-21,20.615,20.93,20.525,20.73,3471095.0,71953607.5
2015-01-22,20.86,21.13,20.605,21.07,3313459.0,69155715.25
2015-01-23,21.15,21.655,21.105,21.65,2907014.0,62456431.355
2015-01-26,21.56,21.88,21.545,21.825,2119751.0,46142433.35
2015-01-27,21.825,21.91,21.41,21.57,2490235.0,53879036.44
2015-01-28,21.7,21.755,21.23,21.44,2915800.0,62452060.145
2015-01-29,21.325,21.69,21.325,21.665,2251123.0,48616590.29
2015-01-30,21.72,21.975,21.545,21.74,2859723.0,62216095.655
2015-02-02,21.79,21.94,21.4,21.625,2331553.0,50415953.815
2015-02-03,21.615,21.89,21.555,21.69,2126023.0,46155607.895
2015-02-04,21.76,22.095,21.615,22.095,2632533.0,57654200.125
2015-02-05,21.985,22.24,21.88,22.015,1607180.0,35384681.075
2015-02-06,21.945,22.045,21.73,22.015,2541518.0,55656026.325
2015-02-09,21.9,21.9,21.55,21.76,1718156.0,37195340.625
2015-02-10,21.76,22.285,21.74,22.23,2417443.0,53403705.085
2015-02-11,22.18,22.535,22.105,22.53,2811186.0,62875869.775
2015-02-12,22.505,22.69,22.255,22.315,3072971.0,68995533.505
2015-02-13,22.37,22.37,22.055,22.135,2199138.0,48777143.15
2015-02-16,22.15,22.165,21.855,21.94,2295823.0,50495618.545
2015-02-17,21.795,22.025,21.795,21.96,1756003.0,38483172.305
2015-02-18,22.0,22.26,21.97,22.22,3206512.0,70993769.02
2015-02-19,22.245,22.58,22.22,22.39,2012301.0,45106486.52
2015-02-20,22.365,22.51,22.315,22.44,2438353.0,54643940.64
2015-02-23,22.655,22.77,22.55,22.69,1598988.0,36264850.535
2015-02-24,22.715,22.76,22.54,22.675,1915679.0,43399901.195
2015-02-25,22.675,22.78,22.51,22.725,2279188.0,51632418.02
2015-02-26,22.445,22.67,21.695,22.28,5904964.0,131558554.64
2015-02-27,22.155,22.33,21.8,22.2,5292377.0,117003179.145
2015-03-02,22.3,22.595,22.275,22.57,3064591.0,68822141.26
2015-03-03,22.645,22.77,22.08,22.15,3141495.0,70252413.795
2015-03-04,22.15,22.58,21.965,22.58,2652334.0,59175324.525
2015-03-05,22.6,22.8,22.425,22.685,2471317.0,55930156.825
2015-03-06,22.63,22.84,22.575,22.82,2698285.0,61353385.06
2015-03-09,22.71,22.845,22.485,22.745,1854182.0,42106084.23
2015-03-10,22.695,23.155,22.53,22.73,2477814.0,56440485.15
2015-03-11,22.785,23.06,22.695,22.98,2529812.0,58108335.21
2015-03-12,23.02,23.135,22.915,23.005,2219657.0,51079455.19
2015-03-13,23.05,23.165,22.89,23.01,2177769.0,50156393.5
2015-03-16,23.125,23.485,23.105,23.395,2191579.0,51148082.47
2015-03-17,23.41,23.49,23.04,23.115,3373276.0,78150310.9
2015-03-18,23.16,23.52,22.96,23.495,2312411.0,53960066.17
2015-03-19,23.49,23.645,23.325,23.52,3136333.0,73739146.34
2015-03-20,23.57,23.7,23.375,23.47,3749785.0,88099538.83
2015-03-23,23.5,23.6,23.075,23.27,2190483.0,50902496.68
2015-03-24,23.275,23.79,23.19,23.685,2764777.0,65254579.78
2015-03-26,22.935,23.015,22.585,23.015,2864285.0,65352526.33
2015-03-27,23.16,23.29,22.82,22.955,2410596.0,55444871.04
2015-03-30,23.125,23.47,23.0,23.41,1911846.0,44643183.1
2015-03-31,23.41,23.66,22.92,23.19,2940782.0,68312544.625
2015-04-01,23.075,23.495,22.915,23.075,2804923.0,65088455.195
2015-04-02,23.135,23.2,22.93,23.045,2700038.0,62222639.84
2015-04-07,23.19,23.475,23.08,23.45,2892667.0,67213585.79
2015-04-08,23.4,23.475,23.145,23.475,2248080.0,52541697.15
2015-04-09,23.6,23.83,23.59,23.83,2474840.0,58707983.4
2015-04-10,23.865,24.055,23.81,24.055,2218464.0,53154304.15
2015-04-13,24.1,24.165,23.9,24.07,1594799.0,38389893.43
2015-04-14,24.0,24.105,23.805,23.96,2036495.0,48743004.89
2015-04-15,23.93,24.0,23.585,23.695,2752928.0,65219169.01
2015-04-16,23.635,23.685,23.09,23.27,2967326.0,69093385.69
2015-04-17,23.18,23.385,22.805,22.88,2436045.0,55969118.45
2015-04-20,22.9,23.055,22.77,22.9,1771448.0,40602359.88
2015-04-21,23.025,23.345,22.9,23.08,3031859.0,70018374.0
2015-04-22,23.075,23.22,22.66,22.9,2551688.0,58318053.51
2015-04-23,22.88,23.11,22.665,22.815,2851736.0,64991450.07
2015-04-24,22.78,22.885,22.515,22.6,3212247.0,72718123.81
2015-04-27,22.6,22.7,22.27,22.53,3029607.0,68162749.45
2015-04-28,22.505,22.535,21.86,22.14,3303151.0,73155105.795
2015-04-29,22.205,22.375,21.84,21.89,3512646.0,77432369.15
2015-04-30,21.48,21.64,21.14,21.535,4495304.0,96467940.68
2015-05-04,21.47,21.84,21.38,21.64,1972556.0,42634551.3
2015-05-05,21.745,22.14,21.235,21.26,3588346.0,77833856.35
2015-05-06,21.175,21.41,20.905,21.135,4139662.0,87793106.09
2015-05-07,21.09,21.295,20.71,21.2,2709025.0,56992284.63
2015-05-08,21.32,21.98,21.285,21.91,3160698.0,68647213.74
2015-05-11,21.96,22.025,21.755,21.95,2296363.0,50272237.12
2015-05-12,21.89,21.94,21.56,21.655,1919966.0,41600811.04
2015-05-13,21.765,21.855,21.545,21.625,2311362.0,50139503.01
2015-05-14,21.595,21.995,21.4,21.955,1497579.0,32647641.66
2015-05-15,22.04,22.36,21.935,22.03,1821601.0,40309035.23
2015-05-18,22.005,22.1,21.765,22.095,1821386.0,40034226.65
2015-05-19,22.385,22.895,22.36,22.805,3204303.0,72917866.29
2015-05-20,22.8,22.905,22.655,22.835,2463417.0,56152059.53
2015-05-21,22.83,22.915,22.655,22.8,2180206.0,49682023.83
2015-05-22,22.835,22.88,22.675,22.83,2102163.0,47899852.69
2015-05-25,22.8,22.95,22.8,22.9,357202.0,8169042.52
2015-05-26,22.855,23.045,22.55,22.615,2170833.0,49421863.25
2015-05-27,22.6,22.89,22.575,22.795,2146307.0,48865635.35
2015-05-28,22.825,22.92,22.62,22.715,2354122.0,53610241.48
2015-05-29,22.72,22.725,22.075,22.08,5912177.0,131331365.53
2015-06-01,22.125,22.395,22.0,22.07,2802746.0,62059325.44
2015-06-02,22.14,22.165,21.7,21.75,2503726.0,54666781.74
2015-06-03,21.725,21.9,21.635,21.71,2339101.0,50857892.12
2015-06-04,21.635,21.65,21.215,21.47,2145743.0,46054087.52
2015-06-05,21.29,21.34,21.01,21.16,2070222.0,43821717.33
2015-06-08,21.175,21.325,21.03,21.13,2069508.0,43807230.32
2015-06-09,21.3,21.49,21.175,21.315,3265025.0,69651386.18
2015-06-10,21.245,21.64,21.1,21.555,2021415.0,43304837.295
2015-06-26,22.045,22.33,21.985,22.24,1608360.0,35652198.55
2015-06-29,21.5,21.93,21.41,21.575,2196873.0,47594164.73
2015-06-30,21.485,21.675,21.265,21.275,3341532.0,71542501.52
2015-07-01,13.94,14.38,13.85,14.36,3278253.0,46534060.59
2015-07-02,14.32,14.355,14.055,14.075,3379273.0,47849846.77
2015-07-03,14.05,14.155,13.885,13.9,2986062.0,41723164.3
2015-07-06,13.45,13.915,13.42,13.825,2588403.0,35706082.24
2015-07-07,13.92,13.92,13.535,13.55,2784951.0,38089377.77
2015-07-08,13.625,13.655,13.47,13.535,2017968.0,27323321.06
2015-07-09,13.59,13.855,13.55,13.805,2337739.0,32203450.85
2015-07-10,13.95,14.195,13.865,14.165,2632267.0,37005127.78
2015-07-13,14.285,14.485,14.25,14.485,1856327.0,26767991.07
2015-07-14,14.5,14.79,14.495,14.785,2643728.0,38866822.65
2015-07-15,14.815,14.925,14.775,14.875,2331770.0,34638471.42
2015-07-16,15.0,15.09,14.955,15.035,3353599.0,50361981.49
2015-07-17,15.085,15.205,15.005,15.125,3140936.0,47512691.75
2015-07-20,15.165,15.205,15.075,15.2,2134630.0,32339485.29
2015-07-21,15.25,15.325,15.035,15.085,2352481.0,35633815.05
2015-07-22,14.995,15.08,14.905,14.965,2595357.0,38875059.6
2015-07-23,15.3,15.3,14.82,14.96,3373771.0,50501530.63
2015-07-24,14.875,15.145,14.83,14.875,2935640.0,43903007.51
2015-07-27,14.75,14.815,14.33,14.39,3299132.0,47791184.83
2015-07-28,14.42,14.62,14.385,14.51,2060508.0,29886930.91
2015-07-29,14.555,14.925,14.5,14.925,3537282.0,52390721.3
2015-07-30,14.99,15.06,14.9,15.02,3225985.0,48360783.45
2015-07-31,15.02,15.17,14.995,15.17,3423199.0,51708169.25
2015-08-03,15.115,15.36,15.11,15.315,2843146.0,43510228.16
2015-08-04,15.26,15.455,15.19,15.445,2195829.0,33763306.08
2015-08-05,15.535,15.535,15.4,15.42,2290899.0,35394728.69
2015-08-06,15.325,15.335,14.935,14.965,2152469.0,32436653.39
2015-08-07,14.905,14.96,14.71,14.86,2453618.0,36474854.22
2015-08-10,14.965,14.98,14.685,14.85,2893923.0,42893360.2
2015-08-11,14.855,14.88,14.625,14.655,2229143.0,32790711.76
2015-08-12,14.515,14.545,14.18,14.275,2702547.0,38660790.63
2015-08-13,14.515,14.62,14.42,14.49,2816772.0,40851091.78
2015-08-14,14.5,14.55,14.35,14.425,2939514.0,42399486.79
2015-08-17,14.535,14.64,14.33,14.465,2884363.0,41684316.87
2015-08-18,14.435,14.7,14.41,14.595,3348872.0,48829500.79
2015-08-19,14.53,14.59,14.325,14.355,3572807.0,51532366.53
2015-08-20,14.26,14.405,14.19,14.315,6087793.0,87237166.46
2015-08-21,14.1,14.245,13.98,13.98,7694700.0,108679509.53
2015-08-24,13.6,13.7,12.64,13.23,8464299.0,111870325.94
2015-08-25,13.33,13.525,13.225,13.365,7369359.0,98396180.74
2015-08-26,13.185,13.6,12.985,13.21,5764067.0,76634253.28
2015-08-27,13.55,13.675,13.48,13.605,3732157.0,50747602.92
2015-08-28,13.615,13.73,13.575,13.68,3629350.0,49499912.93
2015-08-31,13.6,13.77,13.56,13.735,2031499.0,27858640.03
2015-09-01,13.555,13.65,13.215,13.33,3401578.0,45426208.4
2015-09-02,13.335,13.51,13.24,13.405,2455177.0,32851255.06
2015-09-03,13.52,13.95,13.5,13.89,4346908.0,60010678.16
2015-09-04,13.76,13.835,13.59,13.635,4526100.0,62063136.45
2015-09-07,13.76,13.8,13.645,13.765,1535940.0,21090146.2
2015-09-08,13.825,14.065,13.76,13.905,2614004.0,36468568.99
2015-09-09,14.2,14.315,14.07,14.11,2593500.0,36763615.21
2015-09-10,13.965,14.17,13.84,13.88,2768636.0,38601522.55
2015-09-11,13.945,13.945,13.635,13.65,2673106.0,36625429.1
2015-09-14,13.815,13.975,13.71,13.71,4883411.0,67521581.33
2015-09-15,13.71,13.885,13.62,13.805,3521815.0,48498790.19
2015-09-16,13.885,14.185,13.87,14.08,3065660.0,43189715.48
2015-09-17,14.09,14.195,14.05,14.06,2070597.0,29193559.52
2015-09-18,13.97,14.0,13.675,13.85,4249320.0,58792985.12
2015-09-21,13.815,14.22,13.815,14.11,2441724.0,34404179.01
2015-09-22,14.105,14.165,13.815,13.855,3915354.0,54718005.62
2015-09-23,13.82,14.08,13.755,13.94,2851696.0,39762416.63
2015-09-24,14.08,14.26,13.875,13.95,5057897.0,71062869.46
2015-09-25,14.15,14.42,14.095,14.32,3475769.0,49746226.46
2015-09-28,14.3,14.5,14.215,14.295,3702532.0,53127825.33
2015-09-29,14.115,14.325,14.02,14.15,4708015.0,66826816.56
2015-09-30,14.425,14.66,14.285,14.57,4756594.0,69198511.76
2015-10-01,14.74,14.895,14.415,14.455,3971667.0,57915037.95
2015-10-02,14.59,14.765,14.295,14.55,3917925.0,57183161.925
2015-10-05,14.825,14.845,14.635,14.67,5059627.0,74502398.2
2015-10-06,14.78,14.87,14.685,14.82,3831308.0,56735584.5721
2015-10-07,14.915,14.95,14.575,14.6,3251468.0,47829300.71
2015-10-08,14.59,14.705,14.555,14.655,2742532.0,40082110.86
2015-10-09,14.745,14.785,14.33,14.395,4283932.0,62010582.58
2015-10-12,14.405,14.415,14.2,14.38,3211199.0,45957376.42
2015-10-13,14.385,14.385,14.17,14.34,2702270.0,38613129.96
2015-10-14,14.295,14.445,14.19,14.41,2477130.0,35582298.7
2015-10-15,14.495,14.775,14.375,14.76,2699955.0,39558518.93
2015-10-16,14.835,14.96,14.8,14.945,3349368.0,49913150.07
2015-10-19,14.895,15.125,14.895,15.12,1485514.0,22374558.14
2015-10-20,15.14,15.175,15.04,15.11,1686342.0,25472100.86
2015-10-21,15.085,15.15,14.92,15.025,2311599.0,34777310.315
2015-10-22,14.905,15.225,14.86,15.205,2409476.0,36403891.37
2015-10-23,15.255,15.61,15.23,15.565,3592947.0,55739396.68
2015-10-26,15.55,15.55,15.285,15.47,2431090.0,37533937.96
2015-10-27,15.485,15.6,15.355,15.355,2420490.0,37280387.97
2015-10-28,15.4,15.46,15.295,15.375,2133666.0,32808705.5
2015-10-29,15.395,15.545,15.39,15.525,1965819.0,30453506.14
2015-10-30,15.525,15.625,15.38,15.55,2664987.0,41347332.49
2015-11-02,15.425,15.63,15.42,15.53,1999361.0,31101209.99
2015-11-03,15.615,15.67,15.53,15.605,1899691.0,29629224.97
2015-11-04,15.655,15.835,15.595,15.715,3247156.0,51054358.38
2015-11-05,15.725,15.805,15.705,15.74,2713877.0,42746689.4
2015-11-06,15.7,15.75,15.48,15.595,2271221.0,35444413.53
2015-11-09,15.625,15.68,15.53,15.55,1304866.0,20320238.67
2015-11-10,15.6,15.655,15.41,15.59,1616956.0,25129543.7
2015-11-11,15.585,15.925,15.555,15.9,2982162.0,47167277.66
2015-11-12,15.915,16.035,15.78,15.855,2985767.0,47443491.77
2015-11-13,15.765,15.77,15.475,15.595,2441637.0,38038445.89
2015-11-16,15.39,15.65,15.375,15.6,1662226.0,25866024.94
2015-11-17,15.725,16.06,15.71,16.06,2521154.0,40197889.43
2015-11-18,16.01,16.065,15.87,16.05,1652115.0,26385358.63
2015-11-19,16.175,16.285,16.08,16.185,1757489.0,28479454.78
2015-11-20,16.3,16.3,16.08,16.13,2161921.0,34931373.56
2015-11-23,16.105,16.15,15.96,15.98,1911708.0,30622558.18
2015-11-24,15.91,15.94,15.555,15.715,2506940.0,39320533.69
2015-11-25,15.715,16.13,15.715,16.09,2245811.0,35951167.25
2015-11-26,16.1,16.235,16.015,16.205,1995861.0,32258282.96
2015-11-27,16.18,16.42,16.14,16.405,1810492.0,29585882.04
2015-11-30,16.4,16.515,16.265,16.385,4464889.0,73236725.47
2015-12-01,16.44,16.545,16.335,16.37,2147333.0,35253264.33
2015-12-02,16.415,16.595,16.385,16.5,1431386.0,23625691.46
2015-12-03,16.56,16.745,15.83,15.85,3675202.0,59611340.1
2015-12-04,15.84,15.84,15.54,15.65,3582229.0,56054239.98
2015-12-07,15.8,16.025,15.75,15.83,1974072.0,31329652.62
2015-12-08,15.8,15.9,15.525,15.645,2123829.0,33348032.01
2015-12-09,15.605,15.655,15.345,15.36,2378640.0,36698760.23
2015-12-10,15.345,15.37,15.14,15.225,2674267.0,40802141.42
2015-12-11,15.32,15.34,14.945,15.03,2368319.0,35671900.95
2015-12-14,15.045,15.18,14.845,14.905,2890664.0,43214457.79
2015-12-15,15.03,15.33,14.935,15.26,3249035.0,49206663.63
2015-12-16,15.315,15.44,15.22,15.33,2545133.0,39015152.6
2015-12-17,15.61,15.645,15.405,15.45,2699667.0,41860893.07
2015-12-18,15.355,15.37,15.12,15.215,3085390.0,47024054.75
2015-12-21,15.16,15.355,15.03,15.03,1896749.0,28752221.15
2015-12-22,15.145,15.145,14.785,14.98,2351488.0,35179508.35
2015-12-23,15.135,15.38,15.12,15.34,1630100.0,24948132.48
2015-12-24,15.34,15.345,15.15,15.28,298396.0,4553206.91
2015-12-28,15.325,15.43,15.215,15.425,903886.0,13892587.15
2015-12-29,15.535,15.675,15.4,15.605,1843686.0,28739047.71
2015-12-30,15.55,15.695,15.54,15.625,1024393.0,15996225.33
2015-12-31,15.395,15.64,15.395,15.54,529916.0,8235704.14
2016-01-04,15.26,15.295,15.015,15.19,2177263.0,33022242.06
2016-01-05,15.195,15.36,15.085,15.295,1833203.0,27961895.79
2016-01-06,15.235,15.235,14.94,15.11,1207854.0,18207026.16
2016-01-07,14.74,15.035,14.62,14.97,2447202.0,36266834.21
2016-01-08,15.015,15.115,14.79,14.8,3256197.0,48529341.4
2016-01-11,14.73,14.865,14.56,14.665,4139309.0,60875822.42
2016-01-12,14.67,14.86,14.59,14.83,2429635.0,35891016.58
2016-01-13,14.94,15.015,14.785,14.84,2424935.0,36040281.17
2016-01-14,14.675,14.73,14.335,14.655,3717127.0,54106566.81
2016-01-15,14.615,14.755,14.245,14.425,3468255.0,50007349.33
2016-01-18,14.38,14.57,14.24,14.325,1803967.0,25924085.51
2016-01-19,14.54,14.625,14.365,14.455,3275306.0,47427891.48
2016-01-20,14.21,14.22,13.875,13.97,4780549.0,67097970.68
2016-01-21,13.965,14.38,13.965,14.25,4467118.0,63333493.4
2016-01-22,14.49,14.92,14.44,14.89,2741619.0,40474456.35
2016-01-25,15.025,15.045,14.745,14.805,2526449.0,37484373.24
2016-01-26,14.585,14.75,14.515,14.645,3466410.0,50733916.69
2016-01-27,14.8,14.965,14.685,14.965,2527959.0,37570802.66
2016-01-28,14.94,14.97,14.65,14.755,2508272.0,37134055.94
2016-01-29,14.98,15.365,14.92,15.365,3846148.0,58520677.75
2016-02-01,15.44,15.48,15.225,15.435,2672349.0,41095179.83
2016-02-02,15.495,15.575,15.165,15.295,2593737.0,39873248.06
2016-02-03,15.335,15.34,14.92,15.055,2001504.0,30294500.61
2016-02-04,15.125,15.175,14.73,14.775,3416497.0,51024228.72
2016-02-05,14.81,14.815,14.325,14.355,2923481.0,42528253.42
2016-02-08,14.39,14.435,13.655,13.73,4107973.0,57108583.61
2016-02-09,13.78,13.95,13.59,13.865,4086329.0,56425591.83
2016-02-10,14.03,14.23,13.8,14.03,2880884.0,40524142.58
2016-02-11,13.89,13.9,13.54,13.65,4133104.0,56673750.34
2016-02-12,13.715,13.855,13.62,13.785,3986821.0,54746817.57
2016-02-15,14.085,14.295,14.015,14.195,1379503.0,19583738.11
2016-02-16,14.235,14.45,14.1,14.345,3621622.0,51925940.99
2016-02-17,14.375,14.705,14.35,14.685,2232881.0,32577730.91
2016-02-18,14.745,14.94,14.69,14.805,2397923.0,35514429.54
2016-02-19,14.825,14.955,14.76,14.875,2493764.0,37061841.11
2016-02-22,15.045,15.13,14.975,15.05,1991042.0,29966125.24
2016-02-23,14.92,15.02,14.845,14.85,1989007.0,29672783.29
2016-02-24,14.94,14.94,14.62,14.67,2322210.0,34272627.87
2016-02-25,14.815,15.18,14.52,15.15,2676934.0,40020575.87
2016-02-26,15.3,15.325,15.025,15.145,3955348.0,59915725.49
2016-02-29,15.015,15.195,14.98,15.17,3167425.0,47786466.53
2016-03-01,15.24,15.53,15.155,15.425,3104677.0,47840367.29
2016-03-02,15.515,15.655,15.005,15.095,3436804.0,52190554.43
2016-03-03,15.18,15.18,14.965,15.0,2331564.0,35092537.03
2016-03-04,15.03,15.095,14.895,14.975,2212572.0,33138514.68
2016-03-07,14.93,15.06,14.89,15.06,2774891.0,41588071.12
2016-03-08,14.94,15.09,14.805,14.96,3088034.0,46112535.63
2016-03-09,15.055,15.285,15.02,15.205,2261743.0,34383520.27
2016-03-10,15.25,15.51,14.94,14.94,3376574.0,51227622.29
2016-03-11,15.15,15.25,15.05,15.165,1898389.0,28817495.8
2016-03-14,15.25,15.365,15.225,15.285,1406393.0,21505391.41
2016-03-15,15.245,15.345,15.225,15.275,1786111.0,27294808.62
2016-03-16,15.365,15.45,15.27,15.39,1491582.0,22935673.97
2016-03-17,15.49,15.495,15.1,15.41,2282781.0,34993893.11
2016-03-18,15.465,15.48,15.255,15.255,3480556.0,53314535.41
2016-03-21,15.21,15.385,15.15,15.27,1636841.0,24989294.21
2016-03-22,15.27,15.32,15.04,15.32,1498015.0,22858181.5
2016-03-23,15.325,15.455,15.285,15.385,1767391.0,27163040.97
2016-03-24,15.325,15.34,15.2,15.24,1806256.0,27569309.925
2016-03-29,15.365,15.54,15.355,15.52,1833184.0,28350228.185
2016-03-30,15.595,15.76,15.595,15.675,1930747.0,30266560.865
2016-03-31,15.695,15.695,15.31,15.345,4154268.0,64083969.39
2016-04-01,15.205,15.265,15.05,15.26,3118175.0,47284280.31
2016-04-04,15.31,15.55,15.205,15.475,2326305.0,35951932.84
2016-04-05,15.335,15.345,15.175,15.195,1849606.0,28166199.735
2016-04-06,15.25,15.25,15.07,15.195,1991393.0,30205128.535
2016-04-07,15.295,15.365,15.155,15.19,1658701.0,25265141.205
2016-04-08,15.255,15.325,15.17,15.195,1961619.0,29840955.485
2016-04-11,15.115,15.29,15.035,15.215,1280261.0,19472873.605
2016-04-12,15.23,15.4,15.11,15.375,1689975.0,25832349.875
2016-04-13,15.5,15.645,15.445,15.615,1933694.0,30117169.63
2016-04-14,15.65,15.685,15.545,15.61,1909537.0,29835459.56
2016-04-15,15.595,15.67,15.525,15.6,2652723.0,41342168.485
2016-04-18,15.455,15.6,15.43,15.545,2100401.0,32649712.565
2016-04-19,15.545,15.85,15.545,15.835,1613938.0,25469583.815
2016-04-20,15.805,15.84,15.595,15.62,1979109.0,30976393.345
2016-04-21,15.59,15.59,15.02,15.17,3003762.0,45661566.27
2016-04-22,15.085,15.14,14.865,14.905,3111186.0,46538463.2835
2016-04-25,14.95,15.185,14.91,15.11,2373293.0,35759546.96
2016-04-26,15.235,15.24,14.91,15.005,2272432.0,34191421.59
2016-04-27,15.015,15.05,14.855,14.89,2713092.0,40505387.705
2016-04-28,14.615,14.84,14.42,14.84,3117495.0,45684612.105
2016-04-29,14.68,14.715,14.53,14.655,2245290.0,32874192.85
2016-05-02,14.655,14.765,14.615,14.745,720071.0,10594638.765
2016-05-03,14.6,14.62,14.43,14.55,3613118.0,52524777.835
2016-05-04,14.55,14.635,14.36,14.51,3125915.0,45306321.43
2016-05-05,14.59,14.745,14.55,14.705,2023430.0,29634138.895
2016-05-06,14.64,14.735,14.61,14.7,2066098.0,30323004.565
2016-05-09,14.755,15.015,14.74,14.895,2314159.0,34483878.595
2016-05-10,14.92,15.08,14.91,14.94,2865280.0,42960334.1
2016-05-11,14.885,15.02,14.795,14.845,2384805.0,35534554.48
2016-05-12,14.79,15.105,14.725,14.895,1808021.0,26975905.255
2016-05-13,14.77,15.0,14.7,14.985,1896741.0,28231444.77
2016-05-16,14.92,14.97,14.74,14.96,1121137.0,16669110.355
2016-05-17,15.0,15.185,14.975,15.0,2059557.0,31006754.245
2016-05-18,14.955,15.015,14.805,15.01,3097122.0,46349510.544
2016-05-19,14.925,15.07,14.835,14.925,1915569.0,28607909.85
2016-05-20,15.065,15.195,15.05,15.175,1824633.0,27627533.485
2016-05-23,15.18,15.275,15.095,15.125,1367499.0,20721184.605
2016-05-24,15.1,15.485,15.03,15.445,2036124.0,31302846.995
2016-05-25,15.57,15.575,15.445,15.475,2285331.0,35395289.5
2016-05-26,15.43,15.495,15.35,15.44,2646348.0,40841263.33
2016-05-27,15.365,15.565,15.365,15.565,1652576.0,25613533.7575
2016-05-30,15.58,15.63,15.515,15.62,479353.0,7473816.305
2016-05-31,15.65,15.66,15.535,15.585,4078321.0,63537821.54
2016-06-01,15.55,15.61,15.445,15.56,2585656.0,40151015.465
2016-06-02,15.615,15.64,15.47,15.49,2272040.0,35228064.035
2016-06-03,15.565,15.67,15.325,15.445,1636355.0,25342963.445
2016-06-06,15.445,15.525,15.325,15.505,1535457.0,23726778.995
2016-06-07,15.525,15.62,15.485,15.55,2505740.0,38974325.7775
2016-06-08,15.49,15.49,15.255,15.32,1998365.0,30662547.51
2016-06-09,15.2,15.215,15.095,15.135,2835375.0,42956720.655
2016-06-10,15.09,15.095,14.765,14.78,2326163.0,34592700.2334
2016-06-13,14.63,14.7,14.47,14.475,2301716.0,33453276.16
2016-06-14,14.325,14.37,14.185,14.22,3132288.0,44660941.625
2016-06-15,14.285,14.44,14.275,14.385,4484023.0,64429107.255
2016-06-16,14.2,14.29,14.14,14.21,3064435.0,43591658.045
2016-06-17,14.295,14.44,14.195,14.44,11273386.0,162344385.4
2016-06-20,14.65,15.02,14.645,14.895,3596358.0,53534635.825
2016-06-21,14.94,15.09,14.83,15.025,3813455.0,57090630.01
2016-06-22,15.125,15.165,14.935,15.05,3449347.0,51897308.76
2016-06-23,15.145,15.355,15.005,15.17,2234436.0,33890150.235
2016-06-24,14.26,15.165,13.915,14.915,7138424.0,104439290.545
2016-06-27,14.715,14.88,14.61,14.65,3576835.0,52694380.29
2016-06-28,14.925,15.035,14.74,14.84,2558376.0,38052019.78
2016-06-29,15.0,15.46,14.99,15.435,2857496.0,43696940.415
2016-06-30,15.465,15.61,15.4,15.61,4740700.0,73587969.16
2016-07-01,15.72,15.95,15.605,15.8,2582775.0,40831335.61
2016-07-04,15.845,15.945,15.595,15.685,1435364.0,22543229.0
2016-07-05,15.57,15.685,15.475,15.665,2521477.0,39341495.965
2016-07-06,15.6,15.77,15.285,15.425,3227998.0,49958522.38
2016-07-07,15.525,15.675,15.465,15.535,1738690.0,27036075.615
2016-07-08,15.545,15.655,15.425,15.62,2138312.0,33237112.455
2016-07-11,15.74,15.87,15.555,15.825,2043995.0,32236340.385
2016-07-12,15.91,16.0,15.75,15.86,1940516.0,30783656.045
2016-07-13,15.805,16.065,15.805,15.98,2014601.0,32186424.915
2016-07-14,16.05,16.085,15.795,15.82,2670222.0,42415111.135
2016-07-15,15.77,15.81,15.635,15.81,2278764.0,35873304.185
2016-07-18,15.72,15.9,15.705,15.775,2141054.0,33789378.395
2016-07-19,15.74,15.86,15.72,15.76,1939754.0,30626436.045
2016-07-20,15.875,16.02,15.825,15.93,1520266.0,24229858.015
2016-07-21,15.9,15.975,15.795,15.925,2004269.0,31894779.25
2016-07-22,15.885,15.965,15.84,15.95,1304179.0,20754541.685
2016-07-25,15.99,16.075,15.925,16.01,1296297.0,20726587.625
2016-07-26,16.04,16.04,15.92,15.94,1573729.0,25121510.135
2016-07-27,16.025,16.065,15.865,15.885,1770487.0,28244993.18
2016-07-28,16.16,16.425,16.045,16.335,3391319.0,55365061.685
2016-07-29,16.425,16.47,16.01,16.175,3576782.0,57920546.815
2016-08-01,16.225,16.28,15.975,16.09,1574850.0,25374700.09
2016-08-02,16.06,16.095,15.945,16.03,2477105.0,39702104.405
2016-08-03,16.095,16.095,15.81,15.84,2116220.0,33611137.345
2016-08-04,15.695,15.81,15.575,15.795,1877098.0,29535932.29
2016-08-05,15.795,15.995,15.735,15.93,1719867.0,27338850.45
2016-08-08,15.905,15.91,15.695,15.785,2101545.0,33145830.15
2016-08-09,15.755,16.045,15.71,16.01,1890999.0,30151027.785
2016-08-10,15.95,16.055,15.9,16.02,2396184.0,38331416.49
2016-08-11,16.09,16.155,15.955,16.07,1485045.0,23845608.15
2016-08-12,16.03,16.105,15.99,16.075,1303859.0,20933551.395
2016-08-15,16.145,16.145,15.955,15.955,1124418.0,17987439.915
2016-08-16,15.88,15.915,15.695,15.755,1592617.0,25108015.42
2016-08-17,15.82,15.825,15.58,15.615,1908026.0,29865680.79
2016-08-18,15.725,15.88,15.715,15.875,2243081.0,35509029.26
2016-08-19,15.835,15.88,15.665,15.755,2320507.0,36552338.735
2016-08-22,15.75,15.845,15.655,15.75,1860402.0,29286426.155
2016-08-23,15.8,16.01,15.79,15.965,2251250.0,35877026.785
2016-08-24,15.895,16.015,15.82,15.935,1535915.0,24498104.015
2016-08-25,15.905,15.905,15.735,15.825,1492777.0,23616067.11
2016-08-26,15.78,15.895,15.74,15.875,1027942.0,16268277.04
2016-08-29,15.845,15.895,15.73,15.875,435714.0,6894489.415
2016-08-30,15.96,15.98,15.865,15.905,1390218.0,22123105.615
2016-08-31,15.895,16.04,15.885,15.9,1839174.0,29346633.965
2016-09-01,15.94,16.09,15.87,15.94,1866163.0,29800688.995
2016-09-02,15.975,16.295,15.91,16.27,3581568.0,57776258.045
2016-09-05,16.34,16.365,16.245,16.3,1022946.0,16681942.445
2016-09-06,16.335,16.365,16.205,16.255,1212150.0,19709406.15
2016-09-07,16.255,16.345,16.205,16.33,1425611.0,23232113.705
2016-09-08,16.29,16.31,16.01,16.14,1580295.0,25553601.345
2016-09-09,16.055,16.055,15.76,15.78,1579036.0,25058828.87
2016-09-12,15.535,15.7,15.475,15.645,1689580.0,26384231.145
2016-09-13,15.685,15.775,15.62,15.655,2601702.0,40825434.385
2016-09-14,15.72,15.84,15.62,15.64,2714245.0,42585855.695
2016-09-15,15.64,15.765,15.6,15.755,2010867.0,31580462.6
2016-09-16,15.73,15.815,15.635,15.72,3721855.0,58478958.975
2016-09-19,15.835,15.93,15.79,15.875,1521312.0,24126867.595
2016-09-20,15.82,16.025,15.785,15.96,1687530.0,26945303.505
2016-09-21,15.96,16.0,15.83,15.92,3146111.0,50063731.065
2016-09-22,15.98,16.09,15.885,15.955,2060226.0,32953419.455
2016-09-23,15.92,15.985,15.88,15.91,1828473.0,29114152.22
2016-09-26,15.805,15.82,15.635,15.67,1681175.0,26401140.21
2016-09-27,15.76,15.8,15.54,15.66,2370002.0,37055502.315
2016-09-28,15.685,15.905,15.685,15.825,1662558.0,26334785.92
2016-09-29,15.955,16.04,15.93,16.0,3063445.0,48984468.765
2016-09-30,15.83,16.05,15.78,15.995,3096662.0,49365791.185
2016-10-03,15.925,16.115,15.91,16.035,1314650.0,21060609.37
2016-10-04,16.04,16.255,16.025,16.145,2527298.0,40831569.77
2016-10-05,16.035,16.035,15.76,15.76,2654901.0,42136095.43
2016-10-06,15.78,15.78,15.595,15.595,2968390.0,46505653.88
2016-10-07,15.585,15.6,15.335,15.34,2229904.0,34336815.14
2016-10-10,15.36,15.43,15.305,15.39,1667498.0,25656926.885
2016-10-11,15.37,15.425,15.065,15.07,3000486.0,45641339.305
2016-10-12,15.09,15.09,14.91,15.03,3762970.0,56472355.265
2016-10-13,14.995,15.13,14.89,15.125,2166342.0,32600128.835
2016-10-14,15.21,15.355,15.145,15.27,3078488.0,47047998.065
2016-10-17,15.245,15.28,15.11,15.185,2108218.0,31984065.13
2016-10-18,15.23,15.415,15.23,15.325,1858681.0,28502583.69
2016-10-19,15.305,15.525,15.26,15.47,2171270.0,33514490.045
2016-10-20,15.44,15.5,15.31,15.455,1864871.0,28754332.68
2016-10-21,15.505,15.555,15.375,15.41,1864545.0,28783831.52
2016-10-24,15.475,15.515,15.305,15.32,2262349.0,34839473.515
2016-10-25,15.405,15.485,15.35,15.36,2236577.0,34462069.99
2016-10-26,15.33,15.35,15.075,15.135,2005556.0,30355157.015
2016-10-27,15.1,15.425,15.03,15.425,2882952.0,44184726.8
2016-10-28,15.335,15.525,15.09,15.52,3111859.0,48063379.26
2016-10-31,15.435,15.49,15.345,15.375,2378306.0,36582647.67
2016-11-01,15.41,15.475,15.115,15.155,1948417.0,29666711.59
2016-11-02,15.02,15.095,14.95,14.97,1654185.0,24816396.19
2016-11-03,14.935,14.985,14.715,14.715,2160228.0,31983651.26
2016-11-04,14.65,14.735,14.595,14.675,1476433.0,21669955.11
2016-11-07,14.8,14.85,14.72,14.805,1405817.0,20791010.94
2016-11-08,14.8,14.925,14.75,14.9,1095232.0,16293515.5
2016-11-09,14.455,14.805,14.44,14.72,3250987.0,47815551.24
2016-11-10,14.845,14.845,14.08,14.14,4674167.0,66896627.0
2016-11-11,14.125,14.23,14.01,14.18,3339040.0,47172820.57
2016-11-14,14.29,14.33,13.945,13.99,2650758.0,37274601.11
2016-11-15,14.045,14.295,14.0,14.09,3179047.0,44890979.65
2016-11-16,14.19,14.785,14.18,14.71,4107885.0,59838111.65
2016-11-17,14.665,14.935,14.64,14.83,3254618.0,48212488.99
2016-11-18,14.83,14.96,14.825,14.905,2763797.0,41180450.54
2016-11-21,14.955,15.01,14.695,15.005,2002921.0,29901414.89
2016-11-22,15.195,15.34,15.12,15.12,3642582.0,55471073.24
2016-11-23,15.095,15.32,15.09,15.15,3811712.0,57922791.38
2016-11-24,15.19,15.23,15.1,15.16,1900954.0,28813931.89
2016-11-25,15.2,15.295,15.105,15.29,1494226.0,22741465.13
2016-11-28,15.285,15.31,15.145,15.19,1739032.0,26451962.48
2016-11-29,15.2,15.3,15.1,15.3,1520359.0,23150776.3
2016-11-30,15.27,15.39,15.18,15.24,3284968.0,50141198.81
2016-12-01,15.185,15.185,15.04,15.1,3975910.0,60062151.3
2016-12-02,15.025,15.025,14.785,14.955,2384962.0,35559104.11
2016-12-05,14.92,15.245,14.88,14.97,2606981.0,39247212.61
2016-12-06,14.96,15.075,14.915,14.965,2603383.0,38982345.86
2016-12-07,15.08,15.085,14.795,14.91,2682403.0,39925428.69
2016-12-08,14.93,15.33,14.905,15.18,3878474.0,58927447.09
2016-12-09,15.165,15.5,15.165,15.49,2066529.0,31863940.18
2016-12-12,15.485,15.51,15.36,15.43,2135283.0,32961061.46
2016-12-13,15.43,15.655,15.42,15.565,2845182.0,44277201.68
2016-12-14,15.57,15.605,15.35,15.505,4424370.0,68425539.77
2016-12-15,15.555,15.65,15.345,15.64,4081031.0,63320878.97
2016-12-16,15.61,15.775,15.545,15.74,4003027.0,62852712.44
2016-12-19,15.725,15.915,15.725,15.91,1918796.0,30417491.06
2016-12-20,15.975,15.99,15.915,15.965,1564538.0,24967788.63
2016-12-21,15.935,16.015,15.86,15.92,1648738.0,26258899.67
2016-12-22,15.87,15.95,15.85,15.95,1224645.0,19494430.85
2016-12-23,15.93,15.965,15.87,15.945,755730.0,12035496.62
2016-12-27,15.94,15.995,15.925,15.94,618606.0,9872797.72
2016-12-28,15.94,15.995,15.905,15.995,904531.0,14439904.88
2016-12-29,15.905,16.0,15.905,15.985,589527.0,9412499.4
2016-12-30,15.955,15.99,15.815,15.99,865041.0,13800143.84
2017-01-02,15.88,16.065,15.88,16.05,479028.0,7672307.51
2017-01-03,16.115,16.195,16.03,16.09,1691045.0,27232623.5
2017-01-04,16.14,16.155,15.88,15.92,2151967.0,34300917.92
2017-01-05,15.95,16.005,15.755,15.825,2450550.0,38835407.28
2017-01-06,15.84,15.88,15.77,15.84,1237877.0,19588595.11
2017-01-09,15.895,15.895,15.73,15.84,1481085.0,23454673.62
2017-01-10,15.875,15.97,15.695,15.74,2301029.0,36286963.87
2017-01-11,15.74,15.84,15.56,15.755,3297054.0,51851389.96
2017-01-12,15.69,15.78,15.615,15.72,1656566.0,26023123.22
2017-01-13,16.025,16.025,15.71,15.805,1787479.0,28261775.08
2017-01-16,15.78,15.845,15.665,15.75,1671364.0,26351922.87
2017-01-17,15.685,15.775,15.59,15.655,2161579.0,33875739.61
2017-01-18,15.66,15.725,15.305,15.385,2710237.0,41812352.19
2017-01-19,15.45,15.58,15.33,15.43,2173986.0,33605265.46
2017-01-20,15.44,15.475,15.32,15.43,2593004.0,39929838.52
2017-01-23,15.39,15.52,15.32,15.445,1943922.0,30017492.07
2017-01-24,15.445,15.465,15.335,15.385,1720977.0,26488126.85
2017-01-25,15.475,15.535,15.445,15.48,2332392.0,36127258.41
2017-01-26,15.575,15.625,15.455,15.465,2586085.0,40130467.86
2017-01-27,15.46,15.675,15.405,15.65,3381182.0,52719417.88
2017-01-30,15.58,15.74,15.575,15.675,2707654.0,42443315.41
2017-01-31,15.66,15.775,15.615,15.625,3298750.0,51689427.56
2017-02-01,15.685,15.785,15.59,15.73,2844401.0,44731925.59
2017-02-02,15.595,15.86,15.575,15.805,2718229.0,42900959.52
2017-02-03,15.86,15.975,15.825,15.94,3992885.0,63620385.09
2017-02-06,15.945,16.045,15.85,15.91,2116266.0,33742353.39
2017-02-07,15.935,16.135,15.91,16.135,2142587.0,34445992.18
2017-02-08,16.15,16.185,16.01,16.1,2202066.0,35454760.35
2017-02-09,16.105,16.365,16.075,16.35,2476191.0,40323139.38
2017-02-10,16.4,16.455,16.325,16.365,2426410.0,39731479.75
2017-02-13,16.385,16.49,16.325,16.47,1621649.0,26662602.03
2017-02-14,16.45,16.485,16.365,16.415,1554631.0,25527410.7
2017-02-15,16.43,16.465,16.33,16.435,1822465.0,29912824.13
2017-02-16,16.4,16.47,16.32,16.38,2345329.0,38405293.32
2017-02-17,16.39,16.465,16.3,16.465,2772128.0,45478206.43
2017-02-20,16.635,16.635,16.485,16.515,1323338.0,21901153.91
2017-02-21,16.5,16.55,16.45,16.525,1460831.0,24123486.37
2017-02-22,16.565,16.67,16.49,16.535,2258970.0,37388700.5
2017-02-23,16.615,16.735,16.46,16.7,3177397.0,52921522.32
2017-02-24,16.725,16.845,16.64,16.73,3326295.0,55638197.94
2017-02-27,16.765,16.8,16.535,16.68,2884371.0,47954886.87
2017-02-28,16.67,16.735,16.59,16.73,3916720.0,65405749.73
2017-03-01,16.755,16.9,16.7,16.835,3356074.0,56398165.55
2017-03-02,16.82,16.975,16.78,16.975,2163742.0,36610177.58
2017-03-03,16.94,17.015,16.825,16.895,1859429.0,31436039.88
2017-03-06,16.775,16.87,16.715,16.87,1748554.0,29431729.51
2017-03-07,16.865,16.865,16.76,16.79,1760553.0,29570306.42
2017-03-08,16.75,16.84,16.62,16.83,1663960.0,27921492.36
2017-03-09,16.82,16.91,16.755,16.88,2115905.0,35657306.36
2017-03-10,16.785,16.81,16.645,16.645,2347704.0,39238940.76
2017-03-13,16.63,16.82,16.63,16.795,1641422.0,27474340.89
2017-03-14,16.765,16.77,16.625,16.7,1649249.0,27509442.88
2017-03-15,16.765,16.81,16.7,16.755,1744528.0,29224851.99
2017-03-16,16.835,16.835,16.635,16.75,2590973.0,43344065.55
2017-03-17,16.69,16.855,16.65,16.8,4755186.0,79787810.94
2017-03-20,16.8,16.84,16.745,16.755,1651301.0,27695999.39
2017-03-21,16.76,16.825,16.695,16.82,2464051.0,41362393.38
2017-03-22,16.825,16.99,16.775,16.99,3864765.0,65348718.96
2017-03-23,16.96,17.19,16.945,17.185,2709592.0,46405570.14
2017-03-27,17.13,17.225,17.085,17.175,1745279.0,29935897.22
2017-03-28,17.25,17.25,17.15,17.195,1529775.0,26301325.745
2017-03-29,17.225,17.235,17.095,17.18,1841774.0,31640377.685
2017-03-30,17.155,17.295,17.155,17.29,1503217.0,25940824.705
2017-03-31,17.295,17.37,17.195,17.36,2409341.0,41711842.025
2017-04-03,17.49,17.565,17.355,17.355,1648073.0,28694156.005
2017-04-04,17.39,17.46,17.36,17.4,1750277.0,30465585.96
2017-04-05,17.38,17.55,17.335,17.525,2187080.0,38190329.13
2017-04-06,17.47,17.52,17.425,17.515,2263292.0,39562932.785
2017-04-07,17.4,17.525,17.365,17.51,2053277.0,35864745.165
2017-04-10,17.54,17.685,17.52,17.685,1473449.0,25986662.905
2017-04-11,17.61,17.705,17.55,17.61,2022995.0,35649903.95
2017-04-12,17.635,17.775,17.605,17.755,1650426.0,29243907.48
2017-04-13,17.735,17.735,17.63,17.63,1830312.0,32329788.46
2017-04-18,17.63,17.73,17.6,17.635,2072462.0,36583904.76
2017-04-19,17.68,17.7,17.545,17.545,2270245.0,39972488.635
2017-04-20,17.51,17.67,17.455,17.635,2002127.0,35262626.145
2017-04-21,17.665,17.78,17.51,17.74,2364556.0,41875805.775
2017-04-24,17.855,17.895,17.535,17.87,3212432.0,57060075.445
2017-04-25,17.82,17.86,17.795,17.855,2213801.0,39480129.27
2017-04-26,17.8,18.0,17.71,17.99,2498371.0,44746740.175
2017-04-27,17.69,17.88,17.61,17.85,2808979.0,49889577.365
2017-04-28,17.815,17.915,17.71,17.755,2802305.0,49852871.0
2017-05-02,17.75,17.96,17.66,17.96,2148366.0,38380415.65
2017-05-03,17.935,18.05,17.85,17.895,2336376.0,41921729.35
2017-05-04,17.935,18.04,17.755,18.04,2577697.0,46236999.775
2017-05-05,18.01,18.1,17.97,18.09,2670167.0,48214740.651
2017-05-08,18.075,18.13,18.025,18.05,1708046.0,30866418.13
2017-05-09,18.035,18.335,18.035,18.315,2496200.0,45496162.115
2017-05-10,18.335,18.395,18.19,18.265,2118774.0,38703381.53
2017-05-11,18.27,18.315,18.17,18.205,1675091.0,30509205.35
2017-05-12,18.25,18.375,18.21,18.375,1981548.0,36285463.275
2017-05-15,18.365,18.365,18.085,18.205,2142010.0,38969638.18
2017-05-16,18.19,18.405,18.16,18.395,3625681.0,66388818.475
2017-05-17,18.395,18.405,18.135,18.17,2396833.0,43775608.99
2017-05-18,18.17,18.18,17.98,18.155,3337196.0,60401595.31
2017-05-19,18.125,18.295,18.1,18.295,3493988.0,63696886.88
2017-05-22,18.235,18.3,18.17,18.255,2408674.0,43957293.415
2017-05-23,18.19,18.32,18.16,18.29,3687353.0,67231309.92
2017-05-24,18.28,18.3,18.2,18.3,1817932.0,33213184.48
2017-05-25,18.28,18.295,18.06,18.21,1854743.0,33749520.53
2017-05-26,18.15,18.265,18.15,18.25,1437041.0,26198246.8632
2017-05-29,18.225,18.235,18.1,18.23,892206.0,16220323.27
2017-05-31,18.3,18.49,18.25,18.47,5679163.0,104747758.745
2017-06-01,18.445,18.645,18.39,18.525,2424705.0,44959944.91
2017-06-02,18.6,18.615,18.32,18.43,3102621.0,57220183.92
2017-06-05,18.45,18.47,18.32,18.435,1645827.0,30329092.71
2017-06-06,18.41,18.475,18.355,18.475,1819194.0,33546092.745
2017-06-07,18.49,18.61,18.44,18.58,2164448.0,40159285.06
2017-06-08,18.62,18.62,18.46,18.46,2038297.0,37751212.49
2017-06-09,18.415,18.555,18.365,18.48,2004265.0,37003326.35
2017-06-12,18.375,18.39,18.2,18.265,2345219.0,42896173.875
2017-06-13,18.295,18.35,18.225,18.235,2879292.0,52631032.095
2017-06-14,18.305,18.55,18.29,18.47,2811504.0,51968666.05
2017-06-15,18.47,18.575,18.35,18.555,2339348.0,43198505.305
2017-06-16,18.615,18.88,18.58,18.88,3289254.0,61857525.14
2017-06-19,18.91,18.985,18.74,18.79,1648251.0,31041909.59
2017-06-20,18.87,18.945,18.79,18.825,2385277.0,44975913.575
2017-06-21,18.81,18.845,18.67,18.775,1846013.0,34646981.96
2017-06-22,18.775,18.775,18.59,18.645,2482837.0,46308958.005
2017-06-23,18.62,18.645,18.545,18.59,1621883.0,30169543.7
2017-06-26,18.72,18.82,18.62,18.765,1918487.0,35961576.025
2017-06-27,18.755,18.755,18.415,18.45,2068064.0,38314012.715
2017-06-28,18.385,18.505,18.25,18.37,2239570.0,41171479.585
2017-06-29,18.405,18.41,17.88,17.985,2857577.0,51613839.1
2017-06-30,17.995,18.175,17.92,18.0,3608020.0,65142112.445
2017-07-03,18.1,18.11,17.915,17.975,2253372.0,40517450.4
2017-07-04,17.86,18.03,17.86,17.905,1402810.0,25177288.3
2017-07-05,17.915,18.075,17.875,18.045,1603607.0,28868880.295
2017-07-06,18.045,18.045,17.675,17.8,2227130.0,39642467.225
2017-07-07,17.79,17.81,17.545,17.595,2356902.0,41510573.79
2017-07-10,17.535,17.69,17.465,17.665,2219376.0,39089560.855
2017-07-11,17.68,17.68,17.46,17.525,2005936.0,35143258.01
2017-07-12,17.55,17.75,17.54,17.705,2477361.0,43720318.555
2017-07-13,17.76,17.805,17.675,17.76,1604087.0,28486624.75
2017-07-14,17.815,17.87,17.755,17.815,1215729.0,21647228.53
2017-07-17,17.83,17.895,17.705,17.705,1871668.0,33262508.755
2017-07-18,17.625,17.77,17.59,17.605,2074400.0,36609533.555
2017-07-19,17.695,17.815,17.62,17.795,1713986.0,30387202.3
2017-07-20,17.845,17.935,17.735,17.81,2057298.0,36674928.145
2017-07-21,17.82,17.86,17.61,17.62,2047766.0,36301175.51
2017-07-24,17.615,17.705,17.52,17.56,1731534.0,30443881.83
2017-07-25,17.61,17.755,17.59,17.605,1895442.0,33500499.49
2017-07-26,17.595,17.805,17.59,17.69,1971043.0,34887794.04
2017-07-27,17.565,18.02,17.565,17.995,1905902.0,34208030.42
2017-07-28,17.86,17.905,17.73,17.745,1731629.0,30837112.74
2017-07-31,17.705,17.81,17.66,17.78,1814143.0,32210204.65
2017-08-01,17.78,17.91,17.78,17.91,1697515.0,30308948.43
2017-08-02,17.95,17.95,17.78,17.785,1376801.0,24558786.155
2017-08-03,17.725,17.805,17.645,17.76,2979644.0,52870700.205
2017-08-04,17.77,17.975,17.695,17.975,2187713.0,39070522.73
2017-08-07,18.02,18.02,17.855,17.865,1332701.0,23836791.155
2017-08-08,17.9,17.9,17.79,17.855,1288228.0,22990868.69
2017-08-09,17.75,17.915,17.715,17.88,2815746.0,50267212.16
2017-08-10,17.86,17.885,17.77,17.83,1344926.0,23972317.895
2017-08-11,17.755,17.795,17.555,17.57,1505800.0,26566176.395
2017-08-14,17.615,17.655,17.525,17.63,1678723.0,29542668.125
2017-08-15,17.69,17.785,17.635,17.775,942377.0,16709151.78
2017-08-16,17.85,17.905,17.755,17.855,1806292.0,32253748.36
2017-08-17,17.88,18.07,17.85,17.96,1603881.0,28829692.59
2017-08-18,17.905,17.905,17.625,17.63,1875006.0,33187974.73
2017-08-21,17.56,17.635,17.49,17.575,1799708.0,31618156.282
2017-08-22,17.655,17.76,17.64,17.73,1356205.0,24022283.1212
2017-08-23,17.68,17.73,17.6,17.6,1714591.0,30293425.8628
2017-08-24,17.6,17.69,17.495,17.495,1606224.0,28207707.56
2017-08-25,17.47,17.525,17.405,17.425,1305538.0,22795409.53
2017-08-28,17.31,17.375,17.165,17.285,905010.0,15617790.175
2017-08-29,17.115,17.305,17.0,17.21,2198179.0,37772883.31
2017-08-30,17.305,17.41,17.27,17.385,1484568.0,25772269.405
2017-08-31,17.495,17.665,17.435,17.635,2273945.0,39964143.205
2017-09-01,17.68,17.82,17.68,17.715,1851693.0,32889265.305
2017-09-04,17.6,17.74,17.6,17.665,1043813.0,18472584.535
2017-09-05,17.66,17.8,17.645,17.7,1726212.0,30604588.26
2017-09-06,17.715,17.76,17.55,17.56,1841797.0,32478999.79
2017-09-07,17.595,17.705,17.5,17.705,2041507.0,36005469.295
2017-09-08,17.655,17.705,17.545,17.695,1611886.0,28418997.485
2017-09-11,17.805,17.96,17.79,17.96,1783737.0,31934871.355
2017-09-12,18.02,18.095,18.0,18.05,2468869.0,44561163.985
2017-09-13,18.0,18.09,17.99,18.055,2043625.0,36866122.04
2017-09-14,18.035,18.18,18.02,18.09,1985466.0,35957589.17
2017-09-15,18.035,18.095,17.96,18.035,4393586.0,79265117.515
2017-09-18,18.105,18.105,17.92,17.95,1550527.0,27896898.025
2017-09-19,17.9,17.95,17.815,17.825,1807090.0,32288970.685
2017-09-20,17.795,17.895,17.745,17.795,1533600.0,27313117.84
2017-09-21,17.86,17.885,17.675,17.815,1682364.0,29884919.29
2017-09-22,17.745,17.845,17.67,17.68,2253139.0,39962558.565
2017-09-25,17.755,17.94,17.74,17.905,1353475.0,24202065.42
2017-09-26,17.905,17.91,17.79,17.845,1789221.0,31944121.145
2017-09-27,17.83,17.83,17.595,17.595,2828989.0,49973474.355
2017-09-28,17.61,17.86,17.585,17.86,1971875.0,34958324.355
2017-09-29,17.87,18.015,17.785,18.01,2363259.0,42375109.515
2017-10-02,18.11,18.29,18.03,18.215,2145249.0,39039541.18
2017-10-03,18.255,18.265,18.14,18.21,1433005.0,26094531.805
2017-10-04,18.305,18.32,18.235,18.25,2012743.0,36781300.5
2017-10-05,18.24,18.375,18.18,18.335,2022861.0,37038116.27
2017-10-06,18.315,18.37,18.255,18.36,2016553.0,36963256.41
2017-10-09,18.35,18.46,18.345,18.405,1419183.0,26101367.11
2017-10-10,18.35,18.505,18.325,18.41,1651845.0,30431918.32
2017-10-11,18.36,18.465,18.32,18.33,1339514.0,24610897.47
2017-10-12,18.27,18.455,18.27,18.44,1731127.0,31823462.915
2017-10-13,18.42,18.48,18.345,18.445,1900362.0,35001421.27
2017-10-16,18.51,18.51,18.415,18.42,1136945.0,20964745.56
2017-10-17,18.505,18.525,18.4,18.475,1308782.0,24170088.295
2017-10-18,18.57,18.63,18.5,18.61,1573450.0,29220341.55
2017-10-19,18.66,18.675,18.46,18.59,1845202.0,34238490.035
2017-10-20,18.64,18.68,18.57,18.625,1759673.0,32771884.78
2017-10-23,18.665,18.67,18.59,18.615,918513.0,17108602.995
2017-10-24,18.645,18.74,18.535,18.55,2519785.0,46883796.76
2017-10-25,18.62,18.66,18.465,18.505,2318745.0,43028591.225
2017-10-26,18.465,19.21,18.46,19.19,3448851.0,65280542.15
2017-10-27,19.3,19.33,19.13,19.17,2395905.0,46032902.17
2017-10-30,19.125,19.275,19.1,19.25,1734439.0,33332805.89
2017-10-31,19.245,19.435,19.19,19.39,1691006.0,32707111.23
2017-11-01,19.48,19.5,19.165,19.165,2601157.0,50105965.49
2017-11-03,18.985,19.195,18.94,19.195,2475635.0,47304505.22
2017-11-06,19.2,19.235,19.1,19.175,1641294.0,31422362.725
2017-11-07,19.215,19.265,19.13,19.13,1553199.0,29785037.21
2017-11-08,19.15,19.21,19.065,19.18,1930356.0,36943085.835
2017-11-09,19.125,19.25,19.085,19.16,2411192.0,46183281.52
2017-11-10,19.185,19.235,19.05,19.12,1970950.0,37731759.055
2017-11-13,19.13,19.275,19.015,19.09,1867002.0,35322100.1
2017-11-14,19.07,19.225,19.025,19.03,1892562.0,36151328.985
2017-11-15,19.02,19.07,18.88,18.965,2039828.0,38663042.4
2017-11-16,19.025,19.27,18.985,19.25,2309673.0,44245975.485
2017-11-17,19.205,19.275,19.14,19.19,2658645.0,51021960.845
2017-11-20,19.225,19.515,19.2,19.48,2192872.0,42551837.29
2017-11-21,19.44,19.61,19.4,19.55,2024964.0,39551878.49
2017-11-22,19.51,19.635,19.45,19.45,2146135.0,41904908.14
2017-11-23,19.395,19.58,19.355,19.47,1030521.0,20063323.165
2017-11-24,19.415,19.515,19.4,19.435,1194470.0,23228799.585
2017-11-27,19.38,19.535,19.33,19.365,1792707.0,34815380.615
2017-11-28,19.38,19.53,19.34,19.515,1958482.0,38089848.09
2017-11-29,19.585,19.65,19.435,19.45,2584936.0,50528795.075
2017-11-30,19.485,19.505,19.235,19.235,5095566.0,98492541.24
2017-12-01,19.33,19.385,19.1,19.12,3031088.0,58261644.1
2017-12-04,19.295,19.415,19.235,19.32,2213402.0,42754475.775
2017-12-05,19.3,19.36,19.15,19.205,2823883.0,54328414.93
2017-12-06,19.135,19.385,19.075,19.35,2506473.0,48326522.175
2017-12-07,19.4,19.505,19.3,19.31,2610788.0,50591607.095
2017-12-08,19.445,19.445,19.19,19.215,1908425.0,36751420.205
2017-12-11,19.305,19.34,19.155,19.175,1770548.0,34004922.15
2017-12-12,19.225,19.295,19.115,19.225,2661728.0,51107608.1
2017-12-13,19.18,19.445,19.175,19.445,2352275.0,45602144.245
2017-12-14,19.45,19.48,19.38,19.38,1863641.0,36195306.375
2017-12-15,19.3,19.45,19.28,19.32,2858351.0,55267171.115
2017-12-18,19.4,19.51,19.37,19.415,1782160.0,34660045.685
2017-12-19,19.43,19.455,19.195,19.205,1695136.0,32679633.95
2017-12-20,19.15,19.285,19.14,19.235,2122174.0,40792763.46
2017-12-21,19.185,19.235,19.07,19.195,1253054.0,24021242.145
2017-12-22,19.125,19.295,19.105,19.27,1311073.0,25225721.31
2017-12-27,19.25,19.295,19.175,19.245,822624.0,15825951.495
2017-12-28,19.25,19.325,19.205,19.225,746559.0,14373690.43
2017-12-29,19.23,19.3,19.14,19.165,944368.0,18139015.84
2018-01-02,19.15,19.2,18.875,19.05,2008965.0,38220867.215
2018-01-03,19.1,19.155,18.855,18.885,2364304.0,44881081.315
2018-01-04,18.89,19.02,18.85,19.02,2413913.0,45756019.06
2018-01-05,19.075,19.12,19.025,19.115,2355207.0,44937381.785
2018-01-08,19.03,19.12,18.965,18.995,2161742.0,41131702.41
2018-01-09,18.99,19.06,18.93,18.95,2626070.0,49829731.64
2018-01-11,18.68,18.72,18.425,18.425,2894508.0,53609525.72
2018-01-12,18.5,18.505,18.365,18.43,2705979.0,49892149.775
2018-01-15,18.395,18.45,18.2,18.255,2655906.0,48535298.725
2018-01-16,18.2,18.3,18.18,18.295,3495664.0,63813891.53
2018-01-17,18.26,18.37,18.235,18.325,2863846.0,52432298.945
2018-01-18,18.355,18.445,18.145,18.23,2362957.0,43088382.415
2018-01-19,18.255,18.495,18.255,18.485,2209191.0,40704834.555
2018-01-22,18.125,18.13,17.83,18.005,4996839.0,89969378.14
2018-01-23,17.835,18.25,17.82,18.12,2870221.0,52076441.47
2018-01-24,18.09,18.16,18.035,18.035,2593912.0,46953830.42
2018-01-25,17.905,17.975,17.675,17.7,2463061.0,43790967.665
2018-01-26,17.725,17.87,17.71,17.735,1976141.0,35131045.12
2018-01-29,17.75,17.82,17.695,17.8,3362842.0,59737699.3
2018-01-30,17.82,17.91,17.8,17.83,3402167.0,60752778.95
2018-01-31,17.905,17.96,17.86,17.915,3403700.0,60957218.345
2018-02-01,17.845,17.92,17.105,17.24,7332276.0,127124679.1
2018-02-02,17.255,17.41,17.16,17.16,3407203.0,58829604.865
2018-02-05,17.1,17.105,16.87,16.875,2619228.0,44466214.335
2018-02-06,16.385,16.8,16.37,16.54,5509917.0,91590862.54
2018-02-07,16.685,16.99,16.56,16.89,4437645.0,74519747.01
2018-02-08,16.885,16.885,16.615,16.63,4603143.0,76991227.255
2018-02-09,16.755,16.875,16.615,16.705,5314214.0,88891243.055
2018-02-12,16.685,16.76,16.59,16.65,3636597.0,60578522.94
2018-02-13,16.595,16.655,16.225,16.225,4002523.0,65516238.235
2018-02-14,16.345,16.52,16.25,16.4,4578772.0,75029537.66
2018-02-15,16.66,16.875,15.855,16.555,6724371.0,109739170.08
2018-02-16,16.555,16.945,16.5,16.865,3681111.0,61737635.02
2018-02-19,16.97,16.97,16.625,16.705,1939672.0,32530878.295
2018-02-20,16.73,17.02,16.705,17.015,2489550.0,42109555.82
2018-02-21,16.94,17.305,16.92,17.25,3936890.0,67419343.71
2018-02-22,17.08,17.18,16.965,17.16,3819392.0,65206144.81
2018-02-23,17.16,17.305,17.04,17.275,2610920.0,44887490.79
2018-02-26,17.33,17.355,16.92,17.0,3063488.0,52438301.535
2018-02-27,17.075,17.195,16.845,16.865,4370199.0,74203085.675
2018-02-28,16.795,17.005,16.765,16.85,2971261.0,50159101.22
2018-03-01,16.79,16.83,16.625,16.655,2595071.0,43390569.345
2018-03-02,16.595,16.63,16.345,16.35,2765022.0,45405855.42
2018-03-05,16.33,16.545,16.305,16.5,2331995.0,38409189.385
2018-03-06,16.61,16.68,16.52,16.53,2570433.0,42660303.835
2018-03-07,16.475,16.625,16.43,16.615,2350565.0,38891075.4
2018-03-08,16.67,16.91,16.565,16.82,2170857.0,36382957.625
2018-03-09,16.76,16.955,16.76,16.955,2114355.0,35708881.09
2018-03-12,17.02,17.07,16.915,17.045,1823012.0,31005065.765
2018-03-13,17.045,17.05,16.64,16.73,3185878.0,53652316.605
2018-03-14,16.645,16.84,16.595,16.745,2390155.0,40022383.055
2018-03-15,16.86,16.86,16.7,16.75,2362828.0,39664766.45
2018-03-16,16.845,16.845,16.69,16.69,3659645.0,61246008.645
2018-03-19,16.64,16.85,16.585,16.72,1868305.0,31223379.485
2018-03-20,16.745,16.82,16.7,16.7,2579058.0,43161324.835
2018-03-21,16.665,16.75,16.55,16.605,2727700.0,45306233.345
2018-03-22,16.485,16.665,16.44,16.59,2258101.0,37351305.135
2018-03-23,16.475,16.52,16.3,16.35,2075680.0,34035790.52
2018-03-26,16.37,16.495,16.205,16.285,2577628.0,41556107.75
2018-03-27,16.465,16.695,16.365,16.67,3507849.0,58207524.125
2018-03-28,16.585,16.855,16.52,16.855,2991235.0,50082693.65
2018-03-29,16.925,16.94,16.78,16.83,2441297.0,41137015.97
2018-04-03,16.725,16.935,16.64,16.845,1977903.0,33277194.29
2018-04-04,16.89,16.895,16.605,16.735,3162501.0,52891272.04
2018-04-05,16.97,17.29,16.935,17.24,2597188.0,44493190.115
2018-04-06,17.23,17.3,17.095,17.26,2252942.0,38762163.775
2018-04-09,17.28,17.395,17.28,17.38,1947869.0,33796419.52
2018-04-10,17.425,17.525,17.37,17.525,2045919.0,35712316.015
2018-04-11,17.43,17.515,17.39,17.41,1941843.0,33852980.395
2018-04-12,17.37,17.43,17.26,17.265,1639724.0,28400478.835
2018-04-13,17.345,17.45,17.305,17.415,1725065.0,30016701.53
2018-04-16,17.41,17.44,17.315,17.38,1860190.0,32343404.565
2018-04-17,17.41,17.45,17.32,17.35,2164775.0,37609980.05
2018-04-18,17.44,17.475,17.22,17.37,2358106.0,40851457.23
2018-04-19,17.37,17.555,17.325,17.465,2098171.0,36635979.56
2018-04-20,17.495,17.635,17.435,17.625,2081420.0,36541676.42
2018-04-23,17.665,17.665,17.495,17.59,1712430.0,30081924.035
2018-04-24,17.615,17.75,17.57,17.685,1929753.0,34088487.37
2018-04-25,17.61,17.7,17.545,17.67,2275149.0,40111530.495
2018-04-26,17.415,17.645,17.355,17.62,2048987.0,35956278.13
2018-04-27,17.62,17.725,17.54,17.6,1834131.0,32302856.445
2018-04-30,17.62,17.71,17.555,17.615,2418502.0,42612877.115
2018-05-02,17.65,17.72,17.585,17.615,2412243.0,42546437.025
2018-05-03,17.58,17.62,17.465,17.495,1897813.0,33267823.86
2018-05-04,17.55,17.735,17.545,17.685,2133249.0,37652730.49
2018-05-07,17.665,17.79,17.63,17.79,974927.0,17285137.01
2018-05-08,17.76,17.905,17.75,17.905,1909586.0,34091279.205
2018-05-09,17.92,18.0,17.775,18.0,2382808.0,42669163.67
2018-05-10,17.95,18.17,17.95,18.145,2446275.0,44334983.54
2018-05-11,18.15,18.155,17.86,17.925,2265491.0,40648276.105
2018-05-14,17.97,17.98,17.805,17.895,1496094.0,26747999.27
2018-05-15,17.89,17.92,17.82,17.92,2222434.0,39745327.605
2018-05-16,17.895,18.04,17.89,17.99,2241411.0,40298951.435
2018-05-17,18.015,18.14,18.005,18.065,2747656.0,49603049.2423
2018-05-18,18.145,18.355,18.115,18.33,3096204.0,56617351.5402
2018-05-21,18.375,18.59,18.355,18.55,1554972.0,28765946.475
2018-05-22,18.6,18.6,18.435,18.475,1940014.0,35897954.435
2018-05-23,18.45,18.6,18.425,18.495,2329795.0,43116531.69
2018-05-24,18.485,18.61,18.425,18.475,2302180.0,42585970.465
2018-05-25,18.57,18.72,18.565,18.65,2120792.0,39556945.06
2018-05-28,18.75,18.75,18.605,18.605,562299.0,10482246.34
2018-05-29,18.545,18.63,18.455,18.555,2444528.0,45348437.2
2018-05-30,18.545,18.57,18.45,18.54,1803503.0,33384819.73
2018-05-31,18.6,18.82,18.565,18.68,3340425.0,62421977.65
2018-06-01,18.745,18.745,18.575,18.72,1882328.0,35150846.72
2018-06-04,18.795,18.855,18.725,18.85,1313167.0,24711560.63
2018-06-05,18.755,19.065,18.735,18.93,1853913.0,35130054.18
2018-06-06,18.92,19.03,18.875,19.015,1899943.0,36021825.595
2018-06-07,19.125,19.125,18.8,18.85,1678125.0,31678059.745
2018-06-08,18.76,18.935,18.705,18.87,2490906.0,46954116.765
2018-06-11,18.94,19.04,18.895,19.0,1652313.0,31351633.215
2018-06-12,19.15,19.15,18.81,18.86,2074541.0,39221947.205
2018-06-13,18.915,18.99,18.66,18.67,2365159.0,44360994.53
2018-06-14,18.47,18.485,17.9,18.265,7035360.0,127779733.575
2018-06-15,18.255,18.59,18.23,18.5,6632101.0,122675245.44
2018-06-18,18.465,18.5,18.225,18.365,2667119.0,48881703.075
2018-06-19,18.19,18.315,18.06,18.085,2975925.0,54007509.265
2018-06-20,18.185,18.285,18.09,18.135,3371940.0,61280277.545
2018-06-21,18.15,18.44,18.15,18.19,3628409.0,66290853.61
2018-06-22,18.225,18.505,18.225,18.505,2041164.0,37583394.46
2018-06-25,18.46,18.5,18.04,18.04,2032019.0,36904862.84
2018-06-26,18.04,18.11,17.79,17.79,2675802.0,47933482.62
2018-06-27,17.78,18.015,17.755,17.92,3579552.0,64108083.445
2018-06-28,17.875,18.105,17.86,18.105,3362508.0,60575693.53
2018-06-29,18.195,18.33,18.195,18.265,2912021.0,53207460.895
2018-07-02,18.085,18.185,18.0,18.145,2316744.0,41938902.7
2018-07-03,18.24,18.385,18.205,18.32,2547396.0,46672910.195
2018-07-04,18.27,18.33,18.195,18.265,1849676.0,33777932.205
2018-07-05,18.45,18.45,18.245,18.415,1642529.0,30162541.825
2018-07-06,18.545,18.69,18.52,18.58,3045562.0,56664636.255
2018-07-09,18.725,18.725,18.57,18.595,2531470.0,47091667.64
2018-07-10,18.59,18.64,18.505,18.595,2460162.0,45753103.12
2018-07-11,18.525,18.735,18.5,18.685,1900538.0,35431167.88
2018-07-12,18.74,19.13,18.71,19.06,2933465.0,55719626.59
2018-07-13,19.1,19.325,19.095,19.235,2125984.0,40911180.92
2018-07-16,19.23,19.345,19.095,19.18,1702004.0,32675918.215
2018-07-17,19.145,19.285,19.045,19.245,2133637.0,40978017.54
2018-07-18,19.24,19.395,19.19,19.2,3356733.0,64687537.55
2018-07-19,19.175,19.255,19.125,19.2,2537629.0,48704680.655
2018-07-20,19.12,19.265,19.04,19.175,3915163.0,75057307.285
2018-07-23,19.2,19.28,19.0,19.065,2745411.0,52424711.655
2018-07-24,19.12,19.26,18.955,18.955,1927021.0,36722600.46
2018-07-25,18.895,19.01,18.78,18.875,3499789.0,66060553.8
2018-07-26,19.2,19.635,19.145,19.315,5719655.0,111064680.48
2018-07-27,19.38,19.385,18.86,18.985,3679060.0,69975102.9
2018-07-30,18.965,18.965,18.715,18.715,1991992.0,37390032.25
2018-07-31,18.745,18.745,18.43,18.595,2518248.0,46787349.935
2018-08-01,18.575,18.705,18.455,18.63,2519622.0,46881253.765
2018-08-02,18.5,18.59,18.445,18.56,2640292.0,48905456.93
2018-08-03,18.575,18.8,18.54,18.8,2200014.0,41255015.755
2018-08-06,18.77,18.855,18.735,18.83,1683784.0,31665940.055
2018-08-07,18.855,18.87,18.705,18.795,1477630.0,27790789.495
2018-08-08,18.75,18.855,18.72,18.815,1354029.0,25465913.9
2018-08-09,18.8,18.92,18.73,18.895,2008659.0,37866693.49
2018-08-10,18.935,18.935,18.755,18.85,3052001.0,57450633.575
2018-08-13,18.745,18.89,18.675,18.885,2839380.0,53350499.305
2018-08-14,18.925,18.995,18.835,18.93,2439699.0,46150299.24
2018-08-15,19.0,19.085,18.725,18.84,2022168.0,38201365.82
2018-08-16,18.845,19.035,18.785,18.995,2045323.0,38693847.315
2018-08-17,19.04,19.105,18.945,19.105,1805705.0,34365614.5
2018-08-20,19.12,19.27,19.01,19.19,1544491.0,29633412.895
2018-08-21,19.15,19.175,19.05,19.085,1857352.0,35478351.13
2018-08-22,18.995,19.215,18.995,19.215,2034818.0,38953261.255
2018-08-23,19.145,19.265,19.085,19.17,1412674.0,27114574.73
2018-08-24,19.21,19.23,19.08,19.11,1475801.0,28218231.35
2018-08-27,19.12,19.195,19.045,19.195,886841.0,16978391.59
2018-08-28,19.18,19.28,19.115,19.115,1964024.0,37657273.665
2018-08-29,19.2,19.31,19.155,19.205,2592195.0,49841845.715
2018-08-30,19.155,19.25,19.14,19.215,2477187.0,47566629.715
2018-08-31,19.205,19.215,19.015,19.08,3160926.0,60442186.66
2018-09-03,18.995,19.105,18.965,19.085,1844642.0,35110642.985
2018-09-04,19.12,19.22,18.98,19.125,3581594.0,68517985.89
2018-09-05,18.995,19.045,18.76,18.76,4523329.0,85361349.445
2018-09-06,18.685,18.91,18.62,18.685,5797078.0,108738689.805
2018-09-10,18.578,18.714,18.512,18.714,1945173.0,36264635.238
2018-09-11,18.754,18.754,18.354,18.55,6739311.0,124898232.234
2018-09-12,18.515,18.56,18.24,18.265,3684496.0,67651566.675
2018-09-13,18.135,18.29,17.94,17.94,3734428.0,67297855.605
2018-09-14,18.01,18.03,17.77,17.78,4259824.0,76054499.52
2018-09-17,17.74,17.85,17.595,17.62,5182441.0,91643079.755
2018-09-18,17.58,17.625,17.285,17.285,7243123.0,125762051.895
2018-09-19,17.29,17.29,16.9,16.9,6648446.0,112966971.71
2018-09-20,16.985,17.365,16.945,17.34,4880115.0,83902717.95
2018-09-21,17.3,17.42,17.255,17.255,6769672.0,117078317.0
2018-09-24,17.475,17.605,17.255,17.47,4458905.0,77596116.78
2018-09-25,17.31,17.545,17.25,17.505,5148217.0,89894263.2
2018-09-26,17.42,17.665,17.42,17.595,2277567.0,40015107.16
2018-09-27,17.595,17.985,17.595,17.87,3318642.0,59165011.3
2018-09-28,17.87,18.125,17.84,18.095,3758590.0,67720521.855
2018-10-01,18.07,18.33,18.045,18.22,2693247.0,49071046.62
2018-10-02,18.105,18.155,17.975,17.975,2151281.0,38778650.23
2018-10-03,18.02,18.35,17.915,18.315,2645248.0,48118808.835
2018-10-04,18.16,18.245,17.425,17.59,3223278.0,57062425.09
2018-10-05,17.535,17.675,17.415,17.49,1707803.0,29913821.95
2018-10-08,17.535,17.63,17.33,17.33,2421905.0,42236105.29
2018-10-09,17.35,17.435,17.13,17.425,2550712.0,44105078.09
2018-10-10,17.455,17.455,17.055,17.055,1809654.0,31043417.96
2018-10-11,16.935,17.17,16.75,17.045,3731249.0,63318173.32
2018-10-12,17.1,17.275,16.985,17.02,3563558.0,60880475.705
2018-10-15,16.895,17.125,16.895,17.025,1633146.0,27774684.11
2018-10-16,17.09,17.44,17.03,17.4,2840473.0,49231165.64
2018-10-17,17.49,17.49,17.06,17.105,2735417.0,47060664.44
2018-10-18,17.22,17.41,17.13,17.13,1758268.0,30350898.825
2018-10-19,17.17,17.275,17.155,17.18,2642952.0,45481936.435
2018-10-22,17.27,17.27,16.985,17.1,3139123.0,53642781.845
2018-10-23,17.03,17.2,16.935,17.01,2523303.0,43137743.64
2018-10-24,17.215,17.405,17.04,17.25,2292215.0,39493166.435
2018-10-25,17.16,17.495,17.11,17.445,2416666.0,42035051.62
2018-10-26,17.42,17.59,17.005,17.245,2387258.0,41381104.525
2018-10-29,17.385,17.55,17.165,17.175,1752660.0,30412295.925
2018-10-30,17.2,17.21,16.93,16.995,1854110.0,31590571.17
2018-10-31,17.16,17.69,17.155,17.47,1880509.0,32744569.18
2018-11-01,17.38,17.5,17.31,17.405,1475632.0,25710641.74
2018-11-02,17.62,17.765,17.39,17.415,1771375.0,30963428.87
2018-11-05,17.405,17.61,17.395,17.42,1412717.0,24703672.975
2018-11-06,17.42,17.53,17.31,17.42,883523.0,15391364.76
2018-11-07,17.465,17.65,17.345,17.62,1211591.0,21228032.89
2018-11-08,17.645,17.705,17.53,17.555,954400.0,16792058.77
2018-11-09,17.565,17.9,17.565,17.825,1960287.0,34888820.84
2018-11-12,17.89,17.915,17.71,17.9,1051077.0,18767148.165
2018-11-13,18.0,18.19,18.0,18.13,1876964.0,33986749.275
2018-11-14,18.07,18.335,17.895,18.275,1839634.0,33439226.345
2018-11-15,18.28,18.55,18.27,18.33,2792363.0,51324292.0
2018-11-16,18.36,18.615,18.13,18.255,2787825.0,51045874.165
2018-11-19,18.25,18.53,18.18,18.185,1508769.0,27634695.76
2018-11-20,18.1,18.15,17.91,17.98,2188229.0,39381996.25
2018-11-21,17.99,18.23,17.87,18.23,1535582.0,27717756.55
2018-11-22,18.26,18.37,18.14,18.27,1441335.0,26331485.795
2018-11-23,18.3,18.65,18.24,18.65,1578283.0,29137702.92
2018-11-26,18.78,18.885,18.46,18.545,2231074.0,41435152.315
2018-11-27,18.515,18.64,18.395,18.51,1624879.0,30106265.955
2018-11-28,18.67,18.76,18.475,18.72,1509840.0,28163008.715
2018-11-29,18.7,18.765,18.54,18.6,1502622.0,27998917.99
2018-11-30,18.665,18.665,18.39,18.39,1833553.0,33832450.785
2018-12-03,18.62,18.76,18.535,18.735,1135286.0,21191297.52
2018-12-04,18.68,18.775,18.425,18.47,2043831.0,37874464.965
2018-12-05,18.255,18.42,18.0,18.105,1483115.0,26977113.39
2018-12-06,17.995,18.155,17.69,17.81,2380099.0,42581048.745
2018-12-07,17.96,18.22,17.92,18.035,2264883.0,41030574.19
2018-12-10,18.0,18.015,17.58,17.625,2334131.0,41386168.665
2018-12-11,17.825,18.025,17.755,17.895,1938924.0,34755006.555
2018-12-12,17.895,18.205,17.895,18.09,1379093.0,24964669.715
2018-12-13,18.235,18.26,17.91,18.04,1167304.0,21059923.89
2018-12-14,17.86,18.26,17.86,18.115,1727637.0,31263510.92
2018-12-17,18.21,18.45,18.13,18.31,2607017.0,47830400.085
2018-12-18,18.265,18.315,17.865,17.885,2903401.0,52217891.0
2018-12-19,17.915,18.04,17.76,17.9,1880319.0,33610024.885
2018-12-20,17.725,18.145,17.69,17.84,3067928.0,54998097.015
2018-12-21,17.765,17.79,17.395,17.605,13726365.0,241527411.15
2018-12-24,17.865,17.865,17.47,17.47,1294514.0,22786914.24
2018-12-27,17.805,17.88,17.41,17.565,2452281.0,43232413.62
2018-12-28,17.6,17.985,17.6,17.97,1492090.0,26605948.44
2018-12-31,18.0,18.08,17.97,17.97,624749.0,11253590.22
2019-01-02,17.71,18.01,17.48,17.95,1761472.0,31460309.52
2019-01-03,17.645,17.87,17.64,17.74,2057895.0,36559828.235
2019-01-04,17.865,18.205,17.765,18.205,1726656.0,31108855.845
2019-01-07,18.295,18.31,18.035,18.13,2246180.0,40704323.32
2019-01-08,18.185,18.505,18.185,18.325,2325861.0,42835732.765
2019-01-09,18.53,18.53,18.06,18.07,2268198.0,41423624.265
2019-01-10,17.915,18.17,17.91,18.17,2107344.0,38098786.97
2019-01-11,18.27,18.32,18.15,18.3,1832502.0,33429151.355
2019-01-14,18.235,18.37,18.135,18.135,1673363.0,30462838.785
2019-01-15,18.23,18.35,18.07,18.265,1616762.0,29486078.125
2019-01-16,18.35,18.565,18.235,18.48,2265619.0,41809844.195
2019-01-17,18.53,18.825,18.485,18.695,2156286.0,40205486.08
2019-01-18,18.745,18.965,18.68,18.925,2856835.0,53931385.89
2019-01-21,18.805,19.065,18.805,18.96,1432002.0,27156715.265
2019-01-22,18.985,19.18,18.965,19.11,1504745.0,28769422.895
2019-01-23,19.065,19.155,18.965,19.04,1773577.0,33776775.655
2019-01-24,18.945,19.11,18.795,18.865,1681558.0,31754470.93
2019-01-25,19.05,19.055,18.63,18.695,2345656.0,44026566.84
2019-01-28,18.6,18.715,18.495,18.565,1808186.0,33588055.32
2019-01-29,18.605,19.015,18.59,18.96,2237971.0,42267036.37
2019-01-30,18.89,19.28,18.86,19.13,1784718.0,34124573.69
2019-01-31,19.075,19.355,19.045,19.325,1716272.0,33051690.61
2019-02-01,19.36,19.465,19.21,19.41,1242549.0,24016798.635
2019-02-04,19.4,19.555,19.33,19.555,1666973.0,32442611.445
2019-02-05,19.6,19.74,19.495,19.74,1185258.0,23303675.04
2019-02-06,19.635,19.76,19.475,19.52,1996714.0,39116955.905
2019-02-07,19.435,19.72,19.435,19.47,2823336.0,55310386.24
2019-02-08,19.555,19.725,19.525,19.67,1657728.0,32570158.46
2019-02-11,19.75,19.845,19.585,19.835,846627.0,16718434.925
2019-02-12,19.81,19.84,19.615,19.665,1269075.0,24989427.15
2019-02-13,19.455,19.715,19.3,19.675,2330304.0,45496453.545
2019-02-14,19.85,19.94,19.685,19.685,1651254.0,32662574.62
2019-02-15,19.725,19.775,19.575,19.595,2572850.0,50550182.525
2019-02-18,19.575,19.59,19.295,19.31,3471117.0,67304663.09
2019-02-19,19.24,19.35,19.04,19.27,2608891.0,50263063.595
2019-02-20,19.27,19.415,19.225,19.37,1826486.0,35328369.105
2019-02-21,19.405,20.36,19.39,20.3,2385853.0,47926944.1
2019-02-22,20.38,20.44,20.23,20.41,1643076.0,33459710.15
2019-02-25,20.42,20.45,20.1,20.23,1682038.0,33995563.98
2019-02-26,20.07,20.22,19.955,20.16,1873765.0,37625002.905
2019-02-27,20.16,20.16,20.02,20.03,1575181.0,31599312.79
2019-02-28,20.01,20.27,19.965,20.19,1888630.0,38023816.905
2019-03-01,20.0,20.03,18.59,18.7,7043770.0,134042053.19
2019-03-04,18.88,19.2,18.85,19.135,3330485.0,63591881.215
2019-03-05,19.11,19.3,19.045,19.285,1643196.0,31602588.165
2019-03-06,19.195,19.55,19.185,19.49,2842445.0,55275624.935
2019-03-07,19.295,19.585,19.245,19.355,2368907.0,45900777.11
2019-03-08,19.29,19.375,19.035,19.04,1747082.0,33463742.055
2019-03-11,19.105,19.285,19.075,19.23,1651216.0,31700756.035
2019-03-12,19.335,19.37,19.18,19.195,1645960.0,31717685.745
2019-03-13,19.1,19.36,19.005,19.22,1776109.0,34168791.225
2019-03-14,19.305,19.69,19.305,19.595,1799444.0,35230609.525
2019-03-15,19.57,19.675,19.42,19.605,4448961.0,86887295.935
2019-03-18,19.7,19.7,19.43,19.53,1444584.0,28215054.785
2019-03-19,19.42,19.525,19.205,19.205,1886212.0,36472983.27
2019-03-20,19.17,19.175,18.825,18.825,2860234.0,45466785.865
2019-03-21,18.6,18.88,18.6,18.79,2402424.0,45182863.045
2019-03-22,18.89,18.945,18.725,18.88,2453986.0,46218709.95
2019-03-25,18.76,18.88,18.66,18.685,1090436.0,20410930.33
2019-03-26,18.8,19.045,18.755,19.03,1386803.0,26304301.715
2019-03-27,19.015,19.14,18.91,18.98,1564155.0,29716338.065
2019-03-28,18.93,19.09,18.915,18.915,1385737.0,26310421.695
2019-03-29,18.93,19.11,18.93,19.05,2546920.0,48506112.975
2019-04-01,19.18,19.215,19.045,19.135,1336800.0,25582860.76
2019-04-02,19.1,19.4,19.075,19.345,1735395.0,33476567.015
2019-04-03,19.48,19.48,19.215,19.435,1895291.0,36695936.38
2019-04-04,19.47,19.625,19.45,19.49,1384851.0,27033133.005
2019-04-05,19.435,19.475,19.335,19.405,1100650.0,21369243.37
2019-04-08,19.305,19.525,19.28,19.355,938738.0,18203348.18
2019-04-09,19.385,19.385,19.125,19.125,1172045.0,22516041.89
2019-04-10,19.1,19.28,19.1,19.23,1786771.0,34313377.629
2019-04-11,19.26,19.395,19.15,19.355,1271441.0,24561001.205
2019-04-12,19.305,19.39,18.915,18.99,1826841.0,34917792.065
2019-04-15,19.005,19.225,18.98,19.09,1397791.0,26668146.675
2019-04-16,19.11,19.295,19.06,19.275,1188323.0,22854092.07
2019-04-17,19.21,19.515,19.085,19.515,1895640.0,36727765.915
2019-04-18,19.46,19.765,19.46,19.685,1667321.0,32781328.23
2019-04-23,19.92,20.04,19.685,20.02,1583604.0,31553450.205
2019-04-24,20.0,20.14,19.81,20.0,1293746.0,25881596.58
2019-04-25,20.0,20.21,19.965,20.17,1752232.0,35269067.47
2019-04-26,20.11,20.43,20.11,20.43,1576836.0,32001947.93
